Emma,SMITH,990483
Olivia,JOHNSON,788026
Noah,WILLIAMS,907828
Liam,BROWN,964286
Sophia,JONES,166827
Mason,MILLER,464239
Ava,DAVIS,642423
Jacob,GARCIA,157516
William,RODRIGUEZ,358329
Isabella,WILSON,818390
Ethan,MARTINEZ,467432
Mia,ANDERSON,447196
James,TAYLOR,704367
Alexander,THOMAS,898459
Michael,HERNANDEZ,985248
Benjamin,MOORE,315681
Elijah,MARTIN,473127
Daniel,JACKSON,304866
Aiden,THOMPSON,618542
Logan,WHITE,880249
Matthew,LOPEZ,431946
Abigail,LEE,944348
Lucas,GONZALEZ,955548
Jackson,HARRIS,154512
Emily,CLARK,590720
David,LEWIS,762934
Oliver,ROBINSON,643332
Jayden,WALKER,443848
Joseph,PEREZ,941153
Charlotte,HALL,405327
Gabriel,YOUNG,699137
Samuel,ALLEN,178864
Carter,SANCHEZ,730525
Anthony,WRIGHT,342808
John,KING,247369
Harper,SCOTT,692399
Dylan,GREEN,883767
Luke,BAKER,918081
Henry,ADAMS,486697
Madison,NELSON,300547
Andrew,HILL,684993
Isaac,RAMIREZ,897714
Amelia,CAMPBELL,301331
Christopher,MITCHELL,712963
Joshua,ROBERTS,732435
Elizabeth,CARTER,541877
Sofia,PHILLIPS,504524
Wyatt,EVANS,203895
Sebastian,TURNER,260344
Owen,TORRES,163189
Evelyn,PARKER,753672
Avery,COLLINS,507886
Caleb,EDWARDS,972536
Nathan,STEWART,910472
Ryan,FLORES,779499
Jack,MORRIS,243965
Hunter,NGUYEN,216497
Levi,MURPHY,535504
Christian,RIVERA,978645
Jaxon,COOK,353008
Julian,ROGERS,567703
Landon,MORGAN,910479
Chloe,PETERSON,538562
Ella,COOPER,220070
Grayson,REED,134576
Grace,BAILEY,206954
Jonathan,BELL,598719
Victoria,GOMEZ,184048
Isaiah,KELLY,860743
Aubrey,HOWARD,641044
Charles,WARD,893553
Thomas,COX,339252
Aaron,DIAZ,404799
Scarlett,RICHARDSON,383946
Eli,WOOD,901474
Zoey,WATSON,861176
Connor,BROOKS,786258
Jeremiah,BENNETT,194710
Cameron,GRAY,338420
Addison,JAMES,781684
Lily,REYES,246138
Josiah,CRUZ,216454
Lillian,HUGHES,733874
Adrian,PRICE,786316
Natalie,MYERS,256633
Hannah,LONG,961208
Aria,FOSTER,950395
Layla,SANDERS,546792
Colton,ROSS,183687
Brooklyn,MORALES,826944
Jordan,POWELL,620335
Brayden,SULLIVAN,823445
Nicholas,RUSSELL,415436
Robert,ORTIZ,856553
Colton,GUTIERREZ,857585
Brooklyn,PERRY,375752
Jordan,BUTLER,204082
Brayden,BARNES,454264
Nicholas,FISHER,392360
Robert,HENDERSON,306801
Angel,COLEMAN,971899
Alexa,SIMMONS,671103
Hudson,PATTERSON,402137
Zoe,JORDAN,304906
Lincoln,REYNOLDS,440548
Penelope,HAMILTON,257780
Evan,GRAHAM,768746
Dominic,KIM,254452
Austin,GONZALES,459465
Gavin,ALEXANDER,603354
Nolan,RAMOS,713782
Riley,WALLACE,723395
Leah,GRIFFIN,615919
Audrey,WEST,623832
Savannah,COLE,677942
Parker,HAYES,422917
Adam,CHAVEZ,671612
Chase,GIBSON,844898
Allison,BRYANT,912786
Jace,ELLIS,501586
Samantha,STEVENS,673602
Nora,MURRAY,458689
Ian,FORD,129649
Skylar,MARSHALL,939591
Camila,OWENS,967642
Cooper,MCDONALD,839398
Easton,HARRISON,594915
Kevin,RUIZ,150096
Jose,KENNEDY,771154
Tyler,WELLS,436329
Anna,ALVAREZ,124399
Brandon,WOODS,747254
Asher,MENDOZA,879262
Paisley,CASTILLO,385800
Jaxson,OLSON,416967
Mateo,WEBB,533104
Jason,WASHINGTON,505998
Ariana,TUCKER,905832
Ayden,FREEMAN,315897
Ellie,BURNS,467160
Aaliyah,HENRY,461578
Zachary,VASQUEZ,802050
Claire,SNYDER,923836
Violet,SIMPSON,179994
Stella,CRAWFORD,582381
Sadie,JIMENEZ,109858
Carson,PORTER,268676
Mila,MASON,945671
Xavier,SHAW,702990
Gabriella,GORDON,300249
Leo,WAGNER,835058
Lucy,HUNTER,358243
Arianna,ROMERO,515281
Kennedy,HICKS,301277
Sarah,DIXON,490028
Madelyn,HUNT,706097
Eleanor,PALMER,806269
Kaylee,ROBERTSON,295544
Caroline,BLACK,682693
Ezra,HOLMES,515208
Bentley,STONE,771432
Hazel,MEYER,101877
Sawyer,BOYD,815432
Hailey,MILLS,128520
Kayden,WARREN,735756
Blake,FOX,346484
Nathaniel,ROSE,929445
Genesis,RICE,466794
Kylie,MORENO,198944
Ryder,SCHMIDT,377490
Theodore,PATEL,285090
Autumn,FERGUSON,184538
Piper,NICHOLS,704001
Maya,HERRERA,404891
Elias,MEDINA,929669
Nevaeh,RYAN,417579
Serenity,FERNANDEZ,366127
Peyton,WEAVER,863718
Tristan,DANIELS,616622
Roman,STEPHENS,439756
Mackenzie,GARDNER,374775
Leonardo,PAYNE,834129
Bella,KELLEY,522733
Camden,DUNN,998551
Eva,PIERCE,318540
Taylor,ARNOLD,359600
Naomi,TRAN,401062
Brody,SPENCER,755124
Luis,PETERS,871030
Miles,HAWKINS,925344
Micah,GRANT,883640
Vincent,HANSEN,208830
Justin,CASTRO,517382
Aubree,HOFFMAN,781797
Aurora,HART,361530
Greyson,ELLIOTT,359877
Declan,CUNNINGHAM,277860
Maxwell,KNIGHT,762762
Juan,BRADLEY,889181
Melanie,CARROLL,313153
Cole,HUDSON,690220
Lydia,DUNCAN,318354
Damian,ARMSTRONG,244127
Brianna,BERRY,100923
Ruby,ANDREWS,410871
Katherine,JOHNSTON,533159
Ashley,RAY,292054
Carlos,LANE,662316
Max,RILEY,447019
Alexis,CARPENTER,158746
Alice,PERKINS,498217
Cora,AGUILAR,120904
Julia,SILVA,556171
Harrison,RICHARDS,577854
Madeline,WILLIS,224647
Weston,MATTHEWS,830994
Faith,CHAPMAN,213689
Brantley,LAWRENCE,173004
Braxton,GARZA,218498
Annabelle,VARGAS,483280
Alyssa,WATKINS,301392
Axel,WHEELER,689814
Diego,LARSON,819578
Abel,CARLSON,134174
Wesley,HARPER,211183
Santiago,GEORGE,466681
Isabelle,GREENE,216427
Vivian,BURKE,540231
Jesus,GUZMAN,760009
Gianna,MORRISON,195273
Silas,MUNOZ,407396
Giovanni,JACOBS,830751
Bryce,OBRIEN,212987
Jayce,LAWSON,924153
Bryson,FRANKLIN,688380
Alex,LYNCH,782434
Quinn,BISHOP,704458
Clara,CARR,229911
Reagan,SALAZAR,634838
Everett,AUSTIN,848240
George,MENDEZ,399298
Eric,GILBERT,194488
Ivan,JENSEN,140077
Emmett,WILLIAMSON,567038
Kaiden,MONTGOMERY,205018
Ashton,HARVEY,763241
Khloe,OLIVER,748972
Alexandra,HOWELL,199684
Hadley,DEAN,379030
Eliana,HANSON,689193
Kingston,WEBER,601898
Sophie,GARRETT,225138
London,SIMS,406568
Jonah,BURTON,501969
Elena,FULLER,485095
Jameson,SOTO,676776
Kimberly,MCCOY,113158
Kai,WELCH,145685
Bailey,CHEN,154351
Maria,SCHULTZ,456275
Luna,WALTERS,503019
Willow,REID,549241
Jasmine,FIELDS,703126
Maddox,WALSH,573161
Timothy,LITTLE,976965
Kinsley,FOWLER,876329
Ezekiel,BOWMAN,951102
Valentina,DAVIDSON,250109
Ryker,MAY,988146
Emmanuel,DAY,983792
Kayla,SCHNEIDER,306685
Hayden,NEWMAN,518946
Antonio,BREWER,789044
Delilah,LUCAS,863161
Andrea,HOLLAND,123024
Bennett,WONG,371584
Steven,BANKS,504267
Natalia,SANTOS,563691
Lauren,CURTIS,453483
Morgan,PEARSON,662305
Rylee,DELGADO,963917
Richard,VALDEZ,924731
Sydney,PENA,258380
Jude,RIOS,326111
Adalynn,DOUGLAS,972789
Mary,SANDOVAL,890976
Luca,BARRETT,769371
Ximena,HOPKINS,782600
Edward,KELLER,178729
Joel,GUERRERO,231739
Victor,STANLEY,931423
Miguel,BATES,592897
Jade,ALVARADO,890719
Liliana,BECK,199514
Malachi,ORTEGA,325216
King,WADE,358005
Patrick,ESTRADA,722778
Brielle,CONTRERAS,505749
Kaleb,BARNETT,789519
Ivy,CALDWELL,988550
Trinity,SANTIAGO,216307
Bryan,LAMBERT,282643
Josephine,POWERS,635932
Alan,CHAMBERS,827602
Adalyn,NUNEZ,916131
Jocelyn,CRAIG,406515
Marcus,LEONARD,830308
Preston,LOWE,154578
Abraham,RHODES,274953
Calvin,BYRD,214926
Colin,GREGORY,542798
Emery,SHELTON,140575
Adeline,FRAZIER,457596
Bradley,BECKER,111006
Jeremy,MALDONADO,359773
Kyle,FLEMING,348257
Graham,VEGA,623921
Jordyn,SUTTON,656847
Grant,COHEN,796961
Ariel,JENNINGS,329485
Jesse,PARKS,425714
Kaden,MCDANIEL,389313
Everly,WATTS,224805
Alejandro,BARKER,946167
Lilly,NORRIS,885156
Oscar,VAUGHN,101237
Paige,VAZQUEZ,585997
Jase,HOLT,739727
Karter,SCHWARTZ,886648
Isla,STEELE,654338
Lyla,BENSON,312489
Maverick,NEAL,175466
Aidan,DOMINGUEZ,608313
Makayla,HORTON,105610
Molly,TERRY,668841
Tucker,WOLFE,640487
Emilia,HALE,211794
Avery,LYONS,273361
Amir,GRAVES,631291
Brian,HAYNES,945150
Mya,MILES,298908
Kendall,PARK,878424
Iker,WARNER,956819
Melody,PADILLA,906755
Matteo,BUSH,131792
Isabel,THORNTON,609875
Brooke,MCCARTHY,220722
Caden,MANN,212355
Zayden,ZIMMERMAN,591466
Mckenzie,ERICKSON,683602
Nicole,FLETCHER,775771
Payton,MCKINNEY,863473
Margaret,PAGE,950239
Mariah,DAWSON,406670
Riley,JOSEPH,970992
August,MARQUEZ,685373
Eden,REEVES,291756
Mark,KLEIN,108415
Maximus,ESPINOZA,599889
Athena,BALDWIN,275861
Amy,MORAN,453153
Norah,LOVE,632620
Brady,ROBBINS,186590
Kenneth,HIGGINS,669631
Paul,BALL,829796
Londyn,CORTEZ,794063
Jaden,LE,412063
Nicolas,GRIFFITH,879909
Valeria,BOWEN,494958
Beau,SHARP,560674
Sara,CUMMINGS,235884
Aliyah,RAMSEY,559177
Angelina,HARDY,514824
Gracie,SWANSON,509065
Dean,BARBER,983968
Rose,ACOSTA,216004
Jake,LUNA,362655
Peter,CHANDLER,541941
Xander,BLAIR,625953
Rachel,DANIEL,519803
Juliana,CROSS,530556
Elliot,SIMON,411052
Laila,DENNIS,850934
Finn,OCONNOR,228103
Brooklynn,QUINN,436113
Valerie,GROSS,789018
Derek,NAVARRO,657325
Sean,MOSS,208804
Cayden,FITZGERALD,425610
Elliott,DOYLE,286467
Alina,MCLAUGHLIN,172860
Jax,ROJAS,123914
Reese,RODGERS,433749
Jasper,STEVENSON,308081
Elise,SINGH,700205
Lorenzo,YANG,828535
Omar,FIGUEROA,333881
Eliza,HARMON,767300
Beckett,NEWTON,144359
Alaina,PAUL,509034
Rowan,MANNING,641917
Raelynn,GARNER,700869
Leilani,MCGEE,200160
Catherine,REESE,964302
Emerson,FRANCIS,548236
Gael,BURGESS,474818
Cecilia,ADKINS,872256
Corbin,GOODMAN,522920
Genevieve,CURRY,748847
Daisy,BRADY,847896
Waylon,CHRISTENSEN,356796
Harmony,POTTER,369729
Myles,WALTON,818505
Vanessa,GOODWIN,955552
Adriana,MULLINS,902217
Presley,MOLINA,721458
Rebecca,WEBSTER,398049
Destiny,FISCHER,307064
Hayden,CAMPOS,187064
Tanner,AVILA,650118
Jorge,SHERMAN,266054
Julianna,TODD,558343
Michelle,CHANG,609973
Javier,BLAKE,273586
Zion,MALONE,832074
Adelyn,WOLF,605617
Arabella,HODGES,127093
Summer,JUAREZ,742614
Andres,GILL,689738
Callie,FARMER,681590
Charlie,HINES,626962
Paxton,GALLAGHER,626839
Emiliano,DURAN,707682
Kaitlyn,HUBBARD,731560
Brooks,CANNON,289251
Zane,MIRANDA,949079
Ryleigh,WANG,317654
Lila,SAUNDERS,824395
Daniela,TATE,557520
Arya,MACK,616793
Simon,HAMMOND,833593
Judah,CARRILLO,813619
Alana,TOWNSEND,438467
Esther,WISE,242705
Griffin,INGRAM,956004
Finley,BARTON,907648
Gabrielle,MEJIA,660367
Cody,AYALA,490140
Gunner,SCHROEDER,321542
Jessica,HAMPTON,287517
Dawson,ROWE,736010
Israel,PARSONS,587149
Charlie,FRANK,520765
Stephanie,WATERS,553248
Tessa,STRICKLAND,375782
Rylan,OSBORNE,900491
Makenzie,MAXWELL,314415
Ana,CHAN,529871
Amaya,DELEON,630615
Alexandria,NORMAN,197738
Gage,HARRINGTON,463892
Alivia,CASEY,824030
Nova,PATTON,857345
Messiah,LOGAN,537236
River,BOWERS,392122
Kameron,MUELLER,727976
Anastasia,GLOVER,201606
Iris,FLOYD,345582
Marley,HARTMAN,176269
Fiona,BUCHANAN,708410
Angela,COBB,155261
Giselle,FRENCH,222245
Stephen,KRAMER,246178
Francisco,MCCORMICK,499092
Kate,CLARKE,784778
Clayton,TYLER,177586
Zander,GIBBS,377168
Alayna,MOODY,330583
Chance,CONNER,354591
Lola,SPARKS,713234
Lucia,MCGUIRE,385501
Eduardo,LEON,428848
Juliette,BAUER,780832
Parker,NORTON,378086
Teagan,POPE,728763
Sienna,FLYNN,845153
Spencer,HOGAN,775000
Lukas,ROBLES,204602
Georgia,SALINAS,287752
Hope,YATES,624936
Cali,LINDSEY,199688
Vivienne,LLOYD,564926
Damien,MARSH,716673
Dallas,MCBRIDE,459005
Izabella,OWEN,110552
Kinley,SOLIS,672833
Conner,PHAM,552119
Travis,LANG,500727
Daleyza,PRATT,603985
Kylee,LARA,117301
Knox,BROCK,943861
Jayla,BALLARD,124009
Raymond,TRUJILLO,779429
Katelyn,SHAFFER,727446
Peyton,DRAKE,713244
Devin,ROMAN,932642
Felix,AGUIRRE,768919
Jayceon,MORTON,635689
Collin,STOKES,741494
Amari,LAMB,638618
Erick,PACHECO,866914
Cash,PATRICK,884170
Juliet,COCHRAN,687505
Jaiden,SHEPHERD,576746
Fernando,CAIN,249645
Cristian,BURNETT,323356
Josue,HESS,451771
Keegan,LI,655409
Garrett,CERVANTES,163015
Rhett,OLSEN,826052
Ricardo,BRIGGS,723089
Martin,OCHOA,879424
Reid,CABRERA,325198
Seth,VELASQUEZ,337397
Maggie,MONTOYA,287566
Dakota,ROTH,685549
Delaney,MEYERS,135135
Brynlee,CARDENAS,945253
Andre,FUENTES,456187
Keira,WEISS,896438
Camille,HOOVER,351361
Cesar,WILKINS,744282
Titus,NICHOLSON,659223
Leila,UNDERWOOD,761045
Mckenna,SHORT,422376
Aniyah,CARSON,889360
Donovan,MORROW,164655
Manuel,COLON,607903
Mario,HOLLOWAY,883098
Caiden,SUMMERS,803323
Adriel,BRYAN,551161
Kyler,PETERSEN,297043
Noelle,MCKENZIE,165230
Josie,SERRANO,783059
Jennifer,WILCOX,674340
Melissa,CAREY,693282
Milo,CLAYTON,859290
Archer,POOLE,306390
Gabriela,CALDERON,263553
Allie,GALLEGOS,735565
Eloise,GREER,720379
Jeffrey,RIVAS,690979
Holden,GUERRA,562208
Arthur,DECKER,991208
Cassidy,COLLIER,898829
Jacqueline,WALL,251898
Brynn,WHITAKER,893591
Karson,BASS,627902
Sawyer,FLOWERS,189802
Rafael,DAVENPORT,240829
Evangeline,CONLEY,221190
Jordan,HOUSTON,300856
Paris,HUFF,713762
Shane,COPELAND,741942
Lane,HOOD,702326
Louis,MONROE,481248
Angelo,MASSEY,999033
Olive,ROBERSON,214607
Ayla,COMBS,470021
Remington,FRANCO,438962
Troy,LARSEN,941449
Emerson,PITTMAN,108821
Maximiliano,RANDALL,630580
Hector,SKINNER,359611
Rosalie,WILKINSON,781371
Emilio,KIRBY,696611
Kali,CAMERON,531436
Anderson,BRIDGES,898386
Trevor,ANTHONY,215280
Maci,RICHARD,305307
Gemma,KIRK,853265
Lilliana,BRUCE,147148
Raegan,SINGLETON,553368
Lena,MATHIS,378647
Adelaide,BRADFORD,682069
Phoenix,BOONE,911761
Walter,ABBOTT,315678
Journey,CHARLES,864630
Johnathan,ALLISON,553328
Johnny,SWEENEY,727063
Adelynn,ATKINSON,138547
Edwin,HORN,930659
Julius,JEFFERSON,882620
Alessandra,ROSALES,378675
Kenzie,YORK,216669
Barrett,CHRISTIAN,139730
Miranda,PHELPS,322059
Leon,FARRELL,965373
Haley,CASTANEDA,395862
June,NASH,424497
Harley,DICKERSON,832615
Charlee,BOND,811284
Tyson,WYATT,422296
Lucille,FOLEY,581736
Talia,CHASE,599314
Skyler,GATES,734147
Makenna,VINCENT,286473
Phoebe,MATHEWS,614031
Tobias,HODGE,114924
Edgar,GARRISON,589838
Jane,TREVINO,152514
Lyric,VILLARREAL,780806
Angel,HEATH,875648
Dominick,DALTON,545507
Elaina,VALENCIA,587785
Adrianna,CALLAHAN,130901
Ruth,HENSLEY,769305
Marshall,ATKINS,721046
Miriam,HUFFMAN,734472
Diana,ROY,331500
Mariana,BOYER,545370
Danielle,SHIELDS,835450
Marco,LIN,150270
Jenna,HANCOCK,551689
Joaquin,GRIMES,632204
Shelby,GLENN,653386
Nina,CLINE,367165
Dante,DELACRUZ,343974
Madeleine,CAMACHO,275750
Andy,DILLON,147669
Elliana,PARRISH,815344
Cruz,ONEILL,925776
Ali,MELTON,455604
Amina,BOOTH,511474
Amiyah,KANE,337467
Finley,BERG,338562
Chelsea,HARRELL,842959
Joanna,PITTS,829676
Jada,SAVAGE,779217
Lexi,WIGGINS,601876
Katie,BRENNAN,683647
Dalton,SALAS,166528
Maddison,MARKS,725254
Gideon,RUSSO,392049
Reed,SAWYER,844687
Fatima,BAXTER,455977
Vera,GOLDEN,460287
Enzo,HUTCHINSON,620259
Sergio,LIU,538801
Jett,WALTER,751507
Thiago,MCDOWELL,467958
Kyrie,WILEY,322489
Ronan,RICH,326524
Malia,HUMPHREY,623801
Lilah,JOHNS,390767
Madilyn,KOCH,351969
Cohen,SUAREZ,658366
Amanda,HOBBS,748947
Daniella,BEARD,704748
Colt,GILMORE,871465
Erik,IBARRA,949759
Alexia,KEITH,766309
Kathryn,MACIAS,933754
Paislee,KHAN,760678
Selena,ANDRADE,151823
Trenton,WARE,636430
Jared,STEPHENSON,628857
Laura,HENSON,144861
Walker,WILKERSON,407394
Annie,DYER,191649
Landen,MCCLURE,273604
Nyla,BLACKWELL,369119
Catalina,MERCADO,298468
Kayleigh,TANNER,510264
Sloane,EATON,414867
Kamila,CLAY,573474
Alexis,BARRON,961443
Nash,BEASLEY,264344
Jaylen,ONEAL,482120
Lia,PRESTON,576825
Haven,SMALL,427492
Rowan,WU,612969
Ashlyn,ZAMORA,407495
Gregory,MACDONALD,671191
Emanuel,VANCE,528000
Christina,SNOW,865384
Amber,MCCLAIN,370996
Killian,STAFFORD,252539
Myla,OROZCO,392591
Addilyn,BARRY,707560
Erin,ENGLISH,381961
Allen,SHANNON,138206
Alison,KLINE,596675
Ainsley,JACOBSON,281235
Raelyn,WOODARD,486570
Atticus,HUANG,726113
Cadence,KEMP,554479
Kendra,MOSLEY,778314
Desmond,PRINCE,360617
Shawn,MERRITT,190733
Heidi,HURST,811555
Grady,VILLANUEVA,443297
Kelsey,ROACH,540397
Nadia,NOLAN,790465
Alondra,LAM,602844
Cheyenne,YODER,472215
Kaydence,MCCULLOUGH,332575
Mikayla,LESTER,882712
River,SANTANA,894424
Quinn,VALENZUELA,294018
Frank,WINTERS,527655
Fabian,BARRERA,225475
Heaven,LEACH,136559
Dakota,ORR,317401
Arielle,BERGER,544868
Roberto,MCKEE,357817
Lana,STRONG,582590
Blakely,CONWAY,736663
Sabrina,STEIN,831714
Kyla,WHITEHEAD,316276
Beckham,BULLOCK,602376
Ada,ESCOBAR,391500
Gracelyn,KNOX,532826
Major,MEADOWS,705976
Allyson,SOLOMON,340903
Felicity,VELEZ,169297
Kira,ODONNELL,103366
Briella,KERR,886690
Kamryn,STOUT,651271
Skyler,BLANKENSHIP,106441
Adaline,BROWNING,744213
Alicia,KENT,137271
Nehemiah,LOZANO,971033
Ember,BARTLETT,833903
Aylin,PRUITT,223728
Drew,BUCK,654140
Veronica,BARR,446741
Cade,GAINES,348052
Muhammad,DURHAM,512493
Esmeralda,GENTRY,295020
Sage,MCINTYRE,621111
Leslie,SLOAN,151770
Aspen,MELENDEZ,276214
Gia,ROCHA,899140
Kendrick,HERMAN,588263
Camilla,SEXTON,914038
Pedro,MOON,530859
Ashlynn,HENDRICKS,470398
Scarlet,RANGEL,754108
Orion,STARK,697611
Aden,LOWERY,797174
Kamden,HARDIN,501817
Journee,HULL,715668
Ruben,SELLERS,794867
Zaiden,ELLISON,217600
Daphne,CALHOUN,313278
Clark,GILLESPIE,816973
Noel,MORA,381305
Bianca,KNAPP,531397
Mckinley,MCCALL,304006
Porter,MORSE,844080
Amira,DORSEY,273891
Solomon,WEEKS,674073
Romeo,NIELSEN,956536
Rory,LIVINGSTON,957087
Carmen,LEBLANC,476628
Kyleigh,MCLEAN,191705
Malik,BRADSHAW,952928
Megan,GLASS,377036
Daxton,MIDDLETON,489466
Skye,BUCKLEY,726960
Leland,SCHAEFER,281325
Elsie,FROST,600872
Kennedi,HOWE,429328
Averie,HOUSE,777982
Carly,MCINTOSH,465397
Rylie,HO,896370
Kash,PENNINGTON,155600
Gracelynn,REILLY,642563
Mallory,HEBERT,638511
Abram,MCFARLAND,985627
Emersyn,HICKMAN,299202
Logan,NOBLE,140885
Derrick,SPEARS,740573
Camryn,CONRAD,377605
Kade,ARIAS,863054
Gunnar,GALVAN,901407
Prince,VELAZQUEZ,857986
Annabella,HUYNH,226486
Brendan,FREDERICK,292749
Leonel,RANDOLPH,981667
Kason,CANTU,746155
Dylan,FITZPATRICK,743403
Elle,MAHONEY,446273
Kiara,PECK,388779
Braylon,VILLA,309970
Yaretzi,MICHAEL,670982
Ariella,DONOVAN,942139
Legend,MCCONNELL,520664
Zara,WALLS,749834
Pablo,BOYLE,720219
April,MAYER,119945
Jay,ZUNIGA,164554
Gwendolyn,GILES,161093
Anaya,PINEDA,267299
Baylee,PACE,508310
Brinley,HURLEY,617382
Adan,MAYS,587340
Jensen,MCMILLAN,401642
Sierra,CROSBY,456156
Annalise,AYERS,766957
Tatum,CASE,152409
Serena,BENTLEY,869145
Esteban,SHEPARD,768458
Dahlia,EVERETT,366515
Kellan,PUGH,404025
Macy,DAVID,232634
Drake,MCMAHON,907042
Warren,DUNLAP,818689
Miracle,BENDER,684224
Ismael,HAHN,501096
Madelynn,HARDING,146561
Briana,ACEVEDO,651236
Ari,RAYMOND,941916
Freya,BLACKBURN,799322
Russell,DUFFY,211234
Macie,LANDRY,330379
Bruce,DOUGHERTY,355181
Finnegan,BAUTISTA,437612
Marcos,SHAH,586259
Jayson,POTTS,605221
Theo,ARROYO,185901
Helen,VALENTINE,484793
Bethany,MEZA,912143
Leia,GOULD,611069
Jaxton,VAUGHAN,312193
Phillip,FRY,127646
Harlow,RUSH,133256
Dexter,AVERY,889991
Braylen,HERRING,900292
Armando,DODSON,820973
Blake,CLEMENTS,921604
Jayleen,SAMPSON,233300
Braden,TAPIA,163907
Angelica,BEAN,317888
Corey,LYNN,727024
Marilyn,CRANE,221068
Kolton,FARLEY,406973
Viviana,CISNEROS,799441
Gerardo,BENTON,827830
Francesca,ASHLEY,730560
Ace,MCKAY,800786
Juniper,FINLEY,270221
Ellis,BEST,470955
Malcolm,BLEVINS,852002
Tate,FRIEDMAN,430838
Carolina,MOSES,155908
Jazmin,SOSA,954271
Emely,BLANCHARD,614207
Zachariah,HUBER,861978
Maliyah,FRYE,805603
Chandler,KRUEGER,492155
Cataleya,BERNARD,243172
Milan,ROSARIO,373446
Keith,RUBIO,999821
Jillian,MULLEN,611280
Joy,BENJAMIN,303588
Abby,HALEY,475766
Malaysia,CHUNG,256993
Nylah,MOYER,690115
Sarai,CHOI,761728
Evelynn,HORNE,218785
Danny,YU,918930
Nia,WOODWARD,749055
Damon,ALI,967437
Zuri,NIXON,636272
Enrique,HAYDEN,182824
Jonas,RIVERS,325918
Addyson,ESTES,668986
Kane,MCCARTY,977541
Aleah,RICHMOND,654473
Princeton,STUART,252642
Hugo,MAYNARD,824440
Kaia,BRANDT,771061
Ronald,OCONNELL,356030
Bristol,HANNA,847214
Philip,SANFORD,790522
Lorelei,SHEPPARD,305859
Jazmine,CHURCH,238751
Maeve,BURCH,923662
Ibrahim,LEVY,766881
Alejandra,RASMUSSEN,451493
Justice,COFFEY,698039
Kayson,PONCE,396845
Maximilian,FAULKNER,475701
Lawson,DONALDSON,575942
Harvey,SCHMITT,556118
Julie,NOVAK,507582
Marlee,COSTA,628811
Phoenix,MONTES,530697
Jimena,BOOKER,114404
Albert,CORDOVA,487311
Donald,WALLER,635156
Emmalyn,ARELLANO,898326
Nayeli,MADDOX,312079
Raul,MATA,952788
Aleena,BONILLA,276514
Brittany,STANTON,333822
Franklin,COMPTON,782085
Hendrix,KAUFMAN,412826
Odin,DUDLEY,634366
Amara,MCPHERSON,178165
Karina,BELTRAN,651216
Giuliana,DICKSON,828452
Thea,MCCANN,609233
Brennan,VILLEGAS,624231
Jamison,PROCTOR,539109
Braelynn,HESTER,665723
Kassidy,CANTRELL,258412
Braelyn,DAUGHERTY,321431
Luciana,CHERRY,322220
Aubrie,BRAY,131506
Janelle,DAVILA,179129
Dillon,ROWLAND,464200
Madisyn,LEVINE,862076
Brylee,MADDEN,617500
Leighton,SPENCE,787799
Ryan,GOOD,492181
Brock,IRWIN,175169
Amari,WERNER,626345
Eve,KRAUSE,365312
Millie,PETTY,721382
Landyn,WHITNEY,852675
Mohamed,BAIRD,656643
Kelly,HOOPER,670114
Selah,POLLARD,946404
Lacey,ZAVALA,475470
Willa,JARVIS,768414
Brycen,HOLDEN,761509
Haylee,HAAS,195506
Deacon,HENDRIX,256646
Jaylah,MCGRATH,479304
Colby,BIRD,694606
Alec,LUCERO,930784
Julio,TERRELL,379372
Scott,RIGGS,589191
Matias,JOYCE,514210
Sullivan,MERCER,540875
Sylvia,ROLLINS,841882
Melany,GALLOWAY,246099
Rodrigo,DUKE,965538
Elisa,ODOM,333719
Elsa,ANDERSEN,649118
Cason,DOWNS,284748
Taylor,HATFIELD,314352
Hattie,BENITEZ,113470
Raven,ARCHER,286385
Rocco,HUERTA,941272
Holly,TRAVIS,861400
Aisha,MCNEIL,665395
Nico,HINTON,693382
Itzel,ZHANG,840090
Kyra,HAYS,357525
Tiffany,MAYO,518311
Royal,FRITZ,656723
Pierce,BRANCH,199419
Augustus,MOONEY,462893
Jayda,EWING,298380
Michaela,RITTER,461590
Madilynn,ESPARZA,662762
Jamie,FREY,624097
Celeste,BRAUN,558865
Raiden,GAY,372966
Lilian,RIDDLE,813176
Remi,HANEY,353279
Kasen,KAISER,849701
Benson,HOLDER,635064
Moses,CHANEY,170092
Priscilla,MCKNIGHT,951420
Cyrus,GAMBLE,528710
Raylan,VANG,666558
Jazlyn,COOLEY,828637
Karen,CARNEY,389547
Savanna,COWAN,346535
Davis,FORBES,802076
Khalil,FERRELL,851601
Moises,DAVIES,327546
Zariah,BARAJAS,499306
Conor,SHEA,343872
Nikolai,OSBORN,229363
Lauryn,BRIGHT,516188
Alijah,CUEVAS,762177
Mathew,BOLTON,918661
Keaton,MURILLO,961925
Alanna,LUTZ,446329
Kara,DUARTE,180911
Francis,KIDD,423345
Karla,KEY,488243
Quentin,COOKE,767867
Ty,GOFF,811378
Cassandra,DEJESUS,199207
Ariah,MARIN,471332
Evie,DOTSON,931857
Frances,BONNER,451590
Jaime,COTTON,122740
Aileen,MERRILL,484595
Lennon,LINDSAY,802786
Charley,LANCASTER,425311
Rosemary,MCGOWAN,901644
Danna,FELIX,789109
Regina,SALGADO,326116
Ronin,SLATER,875972
Kian,CARVER,368960
Kaelyn,GUTHRIE,132043
Lennox,HOLMAN,646934
Virginia,FULTON,202687
Malakai,SNIDER,412136
Hanna,SEARS,672421
Atlas,WITT,910165
Rebekah,NEWELL,386652
Jerry,BYERS,171168
Alani,LEHMAN,126522
Edith,GORMAN,670938
Liana,COSTELLO,517560
Ryland,DONAHUE,564678
Charleigh,DELANEY,687116
Gloria,ALBERT,772335
Ahmed,WORKMAN,924160
Saul,ROSAS,199924
Sterling,SPRINGER,928790
Cameron,JUSTICE,942457
Colette,KINNEY,391240
Kailey,ODELL,545543
Dennis,LAKE,494530
Lawrence,DONNELLY,167693
Carter,LAW,764606
Helena,DAILEY,622988
Matilda,GUEVARA,374332
Zayne,SHOEMAKER,754460
Imani,BARLOW,301604
Bodhi,MARINO,581051
Bridget,WINTER,124909
Cynthia,CRAFT,703995
Janiyah,KATZ,650027
Marissa,PICKETT,198117
Arjun,ESPINOSA,982812
Darius,DALY,728836
Johanna,MALONEY,489376
Sasha,GOLDSTEIN,300104
Arlo,CROWLEY,477970
Eden,VOGEL,921583
Tony,KUHN,954474
Kaliyah,PEARCE,755432
Dustin,HARTLEY,672532
Cecelia,CLEVELAND,475307
Kellen,PALACIOS,740776
Adelina,MCFADDEN,461663
Jessa,BRITT,693729
Hayley,WOOTEN,151481
Julissa,CORTES,712570
Winter,DILLARD,867284
Chris,CHILDERS,539400
Mohammed,ALFORD,973462
Nasir,DODD,347069
Omari,EMERSON,777086
Crystal,WILDER,425438
Kaylie,LANGE,913367
Bailee,GOLDBERG,134216
Kieran,QUINTERO,353414
Nixon,BEACH,485347
Rhys,ENRIQUEZ,954855
Charli,QUINTANA,410778
Henley,HELMS,542448
Anya,MACKEY,284390
Maia,FINCH,992456
Skyla,CRAMER,812906
Armani,MINOR,769646
Arturo,FLANAGAN,330881
Liberty,FRANKS,190751
Bowen,CORONA,986144
Frederick,KENDALL,667636
Callen,MCCABE,429106
Leonidas,HENDRICKSON,117786
Remy,MOSER,679847
Fernanda,MCDERMOTT,389203
Wade,CAMP,635894
Monica,MCLEOD,355483
Braylee,BERNAL,380121
Dallas,KAPLAN,179478
Mariam,MEDRANO,530996
Luka,LUGO,511026
Marie,TRACY,771046
Jakob,BACON,672944
Winston,CROWE,893517
Justice,RICHTER,824222
Beatrice,WELSH,451252
Hallie,HOLLEY,471541
Alonzo,RATLIFF,670978
Curtis,MAYFIELD,346634
Maryam,TALLEY,966206
Aarav,HAINES,455398
Gustavo,DALE,450397
Angelique,GIBBONS,262176
Anne,HICKEY,543803
Madalyn,BYRNE,584907
Alayah,KIRKLAND,598306
Annika,FARRIS,819393
Greta,CORREA,922559
Royce,TILLMAN,625263
Asa,SWEET,949336
Gannon,KESSLER,995467
Kyson,ENGLAND,117054
Lilyana,HEWITT,919736
Hank,BLANCO,556259
Izaiah,CONNOLLY,515666
Roy,PATE,729201
Kadence,ELDER,875653
Raphael,BRUNO,140429
Luciano,HOLCOMB,592025
Coraline,HYDE,677910
Lainey,MCALLISTER,380683
Mabel,CASH,593427
Hayes,CHRISTOPHER,724648
Lillie,WHITFIELD,990677
Case,MEEKS,390034
Darren,HATCHER,750411
Mohammad,FINK,174709
Otto,SUTHERLAND,630581
Anika,NOEL,745246
Layton,RITCHIE,997301
Azalea,ROSA,283895
Isaias,LEAL,379185
Dayana,JOYNER,376092
Alberto,STARR,593129
Jamari,MORIN,844372
Colten,DELAROSA,504763
Dax,CONNOR,881669
Marvin,HILTON,965909
Jaliyah,ALSTON,110054
Casey,GILLIAM,557216
Moshe,WYNN,767157
Addisyn,WILLS,470998
Johan,JARAMILLO,848197
Sam,ONEIL,767397
Matthias,NIEVES,687384
Emilee,BRITTON,912513
Mira,RANKIN,581932
Larry,BELCHER,398374
Trey,GUY,877001
Angie,CHAMBERLAIN,118791
Lilith,TYSON,956388
Mae,PUCKETT,769313
Devon,DOWNING,222966
Trent,SHARPE,270519
Meredith,BOGGS,199047
Mauricio,TRUONG,161775
Guadalupe,PIERSON,310538
Emelia,GODFREY,824294
Margot,MOBLEY,752583
Mathias,JOHN,827678
Melina,KERN,632224
Issac,DYE,646887
Dorian,HOLLIS,695455
Aniya,BRAVO,361008
Gianni,MAGANA,541373
Alena,RUTHERFORD,630719
Ahmad,NG,541505
Myra,TUTTLE,877321
Nikolas,LIM,370989
Oakley,ROMANO,991399
Elianna,ARTHUR,286802
Caitlyn,TREJO,843211
Uriel,KNOWLES,537249
Jaelynn,LYON,893277
Lewis,SHIRLEY,862946
Randy,QUINONES,775228
Cullen,CHILDS,149239
Braydon,DOLAN,196241
Ezequiel,HEAD,762670
Jaelyn,REYNA,972961
Reece,SAENZ,306738
Jimmy,HASTINGS,223382
Demi,KENNEY,646186
Crosby,CANO,510409
Mikaela,FOREMAN,648140
Tiana,DENTON,854283
Blair,VILLALOBOS,541318
Shiloh,PRYOR,712136
Soren,SARGENT,112069
Ariyah,DOHERTY,988609
Saylor,HOPPER,831623
Uriah,PHAN,808739
Roger,WOMACK,803619
Nathanael,LOCKHART,444885
Caitlin,VENTURA,339130
Emmitt,DWYER,844171
Gary,MULLER,981424
Rayan,GALINDO,120273
Ricky,GRACE,793124
Lindsey,SORENSEN,691682
Oakley,COURTNEY,434788
Mitchell,PARRA,725001
Alia,RODRIGUES,779835
Everleigh,NICHOLAS,559005
Roland,AHMED,563267
Alfredo,MCGINNIS,887897
Cannon,LANGLEY,530926
Jalen,MADISON,699490
Ivanna,LOCKE,639151
Miah,JAMISON,630480
Emmy,NAVA,855217
Jessie,GUSTAFSON,990931
Tatum,SYKES,744800
Kobe,DEMPSEY,589219
Yusuf,HAMM,195251
Anahi,RODRIQUEZ,544284
Kaylin,MCGILL,814067
Ansley,XIONG,737025
Quinton,ESQUIVEL,822225
Annabel,SIMMS,792094
Remington,KENDRICK,369503
Korbin,BOYCE,649454
Kora,VIGIL,604506
Maisie,DOWNEY,690406
Brayan,MCKENNA,532331
Joe,SIERRA,175359
Nathalie,WEBBER,730450
Byron,KIRKPATRICK,867286
Ariel,DICKINSON,359984
Quincy,COUCH,371008
Emory,BURKS,916971
Carl,SHEEHAN,736651
Karsyn,SLAUGHTER,769373
Pearl,PIKE,932634
Kristopher,WHITLEY,526575
Irene,MAGEE,317903
Alvin,CHENG,918289
Duke,SINCLAIR,713692
Lance,CASSIDY,910698
Kimber,RUTLEDGE,364247
Rosa,BURRIS,884368
Lylah,BOWLING,544109
Magnolia,CRABTREE,818418
London,MCNAMARA,461169
Samara,AVALOS,935213
Jasiah,VU,566717
Elliot,HERRON,377364
Renata,BROUSSARD,548286
Boston,ABRAHAM,232174
Galilea,GARLAND,262056
Kensley,CORBETT,357170
Kiera,CORBIN,388854
Whitney,STINSON,863394
Santino,CHIN,282226
Amelie,BURT,202704
Siena,HUTCHINS,878095
Bria,WOODRUFF,602590
Laney,LAU,891160
Perla,BRANDON,394990
Lennon,SINGER,873521
Tatiana,HATCH,143652
Zelda,ROSSI,192227
Deandre,SHAFER,240938
Jaycee,OTT,195592
Kori,GOSS,590519
Montserrat,GREGG,199116
Lorelai,DEWITT,966452
Madden,TANG,970050
Talon,POLK,914236
Adele,WORLEY,621960
Elyse,COVINGTON,184362
Katelynn,SALDANA,207977
Kynlee,HELLER,104804
Sylas,EMERY,376590
Marina,SWARTZ,102203
Orlando,CHO,895681
Jayden,MCCRAY,456924
Kailyn,ELMORE,150969
Hamza,ROSENBERG,923232
Avah,SIMONS,715075
Kenley,CLEMONS,262767
Bo,BEATTY,541299
Aldo,HARDEN,993788
Douglas,HERBERT,198328
Tristen,BLAND,661992
Wilson,RUCKER,258936
Aviana,MANLEY,879974
Maurice,ZIEGLER,574355
Armani,GRADY,243651
Dulce,LOTT,459174
Samson,ROUSE,564152
Alaia,GLEASON,455017
Cayson,MCCLELLAN,176602
Teresa,ABRAMS,510740
Natasha,VO,997676
Bryant,ALBRIGHT,629802
Conrad,MEIER,275232
Milani,DUNBAR,534977
Amirah,ACKERMAN,251013
Breanna,PADGETT,283707
Linda,MAYES,443316
Tenley,TIPTON,806319
Dane,COFFMAN,253427
Julien,PERALTA,514962
Sincere,SHAPIRO,533800
Sutton,ROE,944719
Noe,WESTON,668855
Elaine,PLUMMER,250530
Elliott,HELTON,677316
Salvador,STERN,911603
Aliza,FRASER,799547
Nelson,STOVER,637142
Kenna,FISH,879171
Meadow,SCHUMACHER,117335
Alyson,BACA,781311
Edison,CURRAN,619134
Ramon,VINSON,727759
Rory,VERA,129691
Lucian,CLIFTON,510191
Mekhi,ERVIN,966912
Niko,ELDRIDGE,282847
Milana,LOWRY,655966
Ayaan,CHILDRESS,526295
Erica,BECERRA,272498
Esme,GORE,184069
Leona,SEYMOUR,493456
Vihaan,CHU,337138
Joselyn,FIELD,307411
Neil,AKERS,996275
Madalynn,CARRASCO,928197
Titan,BINGHAM,438451
Alma,STERLING,759476
Chanel,GREENWOOD,607875
Myah,LESLIE,499066
Karter,GROVES,121962
Zahra,MANUEL,652987
Ernesto,SWAIN,365932
Audrina,EDMONDS,472799
Ariya,MUNIZ,206913
Jemma,THOMSON,976925
Eileen,CROUCH,281088
Brentley,WALDEN,262342
Kallie,SMART,159735
Milan,TOMLINSON,305727
Emmalynn,ALFARO,940782
Lionel,QUICK,365526
Zayn,GOLDMAN,471727
Lailah,MCELROY,836246
Sloan,YARBROUGH,300574
Clarissa,FUNK,765767
Karlee,HONG,695086
Laylah,PORTILLO,720307
Dominik,LUND,160561
Amiya,NGO,705364
Collins,ELKINS,806309
Ellen,STROUD,967774
Cassius,MEREDITH,144303
Rowen,BATTLE,643857
Hadassah,MCCAULEY,785374
Danica,ZAPATA,481073
Jaylene,BLOOM,788708
Blaine,GEE,969334
Sage,GIVENS,425131
Averi,CARDONA,787556
Reyna,SCHAFER,796486
Kelvin,ROBISON,467240
Saige,GUNTER,347472
Wren,GRIGGS,994513
Lexie,TOVAR,954742
Dorothy,TEAGUE,547023
Lilianna,SWIFT,893634
Jaxen,BOWDEN,482583
Memphis,SCHULZ,863171
Monroe,BLANTON,356549
Leonard,BUCKNER,793661
Aryanna,WHALEN,662761
Elisabeth,PRITCHARD,618955
Ivory,PIERRE,936430
Abdullah,KANG,925748
Jacoby,BUTTS,911972
Liv,METCALF,305474
Janessa,KURTZ,630504
Jaylynn,SANDERSON,100163
Livia,TOMPKINS,927409
Rayna,INMAN,962149
Allan,CROWDER,237349
Jagger,DICKEY,948210
Yahir,HUTCHISON,266509
Alaya,CONKLIN,579338
Malaya,HOSKINS,341387
Forrest,HOLBROOK,881362
Guillermo,HORNER,894574
Mack,NEELY,633791
Zechariah,TATUM,192136
Harley,HOLLINGSWORTH,974589
Cara,DRAPER,178778
Erika,CLEMENT,225155
Terry,LORD,586757
Amani,REECE,264661
Clare,FELDMAN,418036
Kylan,KAY,562595
Addilynn,HAGEN,847714
Roselyn,CREWS,896118
Fletcher,BOWLES,112129
Rohan,POST,425447
Corinne,JEWELL,525412
Paola,DALEY,433772
Jolene,CORDERO,695382
Eddie,MCKINLEY,291069
Anabelle,VELASCO,918439
Bronson,MASTERS,443622
Aliana,DRISCOLL,900152
Lea,BURRELL,852024
Mara,VALLE,425975
Jefferson,CROW,780164
Lennox,DEVINE,567087
Rayden,LARKIN,603968
Claudia,CHAPPELL,597995
Kristina,POLLOCK,157452
Terrance,KIMBALL,862280
Jaylee,LY,513678
Kaylynn,SCHMITZ,115619
Zariyah,LU,431749
Marc,RUBIN,426896
Morgan,SELF,517542
Valentino,BARRIOS,971742
Gwen,PEREIRA,152492
Kinslee,PHIPPS,194758
Demetrius,MCMANUS,155762
Avianna,NANCE,705217
Lisa,STEINER,268746
Raquel,POE,340199
Kristian,CROCKETT,105408
Jolie,JEFFRIES,469547
Carolyn,AMOS,522518
Courtney,NIX,171087
Penny,NEWSOME,730006
Royal,DOOLEY,257327
Hezekiah,PAYTON,998661
Lee,ROSEN,821589
Alannah,SWENSON,156436
Ciara,CONNELLY,435016
Chaya,TOLBERT,540632
Kassandra,SEGURA,419524
Milena,ESPOSITO,772938
Alessandro,COKER,579347
Makai,BIGGS,318905
Rex,HINKLE,362931
Mina,THURMAN,778490
Noa,DREW,552485
Callum,IVEY,490401
Leanna,BULLARD,982842
Zoie,BAEZ,218415
Ariadne,NEFF,988704
Monserrat,MAHER,984697
Nola,STRATTON,718464
Kamari,EGAN,957224
Carlee,DUBOIS,977449
Isabela,GALLARDO,163531
Jazlynn,BLUE,979501
Kairi,RAINEY,587743
Laurel,YEAGER,957314
Sky,SAUCEDO,411104
Rosie,FERREIRA,307349
Casen,SPRAGUE,808452
Tripp,LACY,234101
Callan,HURTADO,929717
Stanley,HEARD,315846
Toby,CONNELL,926702
Elian,STAHL,239786
Arely,ALDRIDGE,400349
Aubrielle,AMAYA,662662
Kenia,FORREST,930097
Noemi,ERWIN,190014
Scarlette,GUNN,610841
Langston,SWAN,793922
Melvin,BUTCHER,525030
Payton,ROSADO,746194
Farrah,GODWIN,481946
Leyla,HAND,941020
Flynn,GABRIEL,872062
Jamir,OTTO,793026
Kyree,WHALEY,839359
Aryan,LUDWIG,190370
Amia,CLIFFORD,679005
Bryanna,GROVE,356276
Axton,BEAVER,264407
Azariah,SILVER,713853
Branson,DANG,831350
Naya,HAMMER,440890
Wynter,DICK,933444
Reese,BOSWELL,524101
Hunter,MEAD,491861
Katalina,COLVIN,786592
Adonis,OLEARY,578967
Taliyah,MILLIGAN,777883
Thaddeus,GOINS,735162
Amaris,AMES,675023
Emerie,DODGE,882475
Martha,KAUR,317338
Thalia,ESCOBEDO,503900
Zeke,ARREDONDO,666772
Christine,GEIGER,981873
Estrella,WINKLER,873772
Brenna,DUNHAM,825692
Milania,TEMPLE,547848
Salma,BABCOCK,783096
Tommy,BILLINGS,505283
Lillianna,GRIMM,875247
Marjorie,LILLY,330470
Blaze,WESLEY,112236
Carmelo,MCGHEE,520980
Shayla,PAINTER,810695
Zendaya,SIEGEL,442760
Skylar,BOWER,433719
Aurelia,PURCELL,270509
Brenda,BLOCK,313089
Julieta,AGUILERA,912622
Arian,NORWOOD,121117
Bruno,SHERIDAN,579287
Adilynn,CARTWRIGHT,367129
Deborah,COATES,450310
Keyla,DAVISON,781985
Patricia,REGAN,629066
Kaysen,RAMEY,421939
Layne,KOENIG,440333
Ray,KRAFT,648346
Emmeline,BUNCH,392246
Hadlee,ENGEL,580514
Zain,TAN,602484
Giovanna,WINN,350620
Kailee,STEWARD,531159
Desiree,LINK,152715
Crew,VICKERS,582771
Jedidiah,BRAGG,493966
Rodney,PIPER,400478
Casey,HUGGINS,373285
Karlie,MICHEL,147204
Khaleesi,HEALY,109391
Lara,JACOB,226615
Tori,MCDONOUGH,559485
Clay,WOLFF,842743
Tomas,COLBERT,196986
Clementine,ZEPEDA,998671
Nancy,HOANG,479511
Simone,DUGAN,584316
Alden,KILGORE,413366
Ayleen,MEADE,680686
Estelle,GUILLEN,363042
Jadiel,DO,867376
Celine,HINOJOSA,338459
Madyson,GOODE,858145
Zaniyah,ARRINGTON,679694
Harper,GARY,669609
Adley,SNELL,128752
Amalia,WILLARD,565107
Paityn,RENTERIA,788848
Ares,CHACON,374845
Kathleen,GALLO,834064
Sandra,HANKINS,623064
Cory,MONTANO,883625
Lizbeth,BROWNE,162286
Maleah,PEACOCK,460910
Micah,OHARA,412855
Brecken,CORNELL,921070
Chaim,SHERWOOD,852778
Nickolas,CASTELLANOS,611312
Aryana,THORPE,956817
Hailee,STILES,485709
Kareem,SADLER,324213
Xzavier,LATHAM,731807
Aiyana,REDMOND,328432
Joyce,GREENBERG,261715
Ryann,COTE,201216
Kaison,WADDELL,308092
Caylee,DUKES,136322
Kalani,DIAMOND,552938
Marisol,BUI,754657
Nathaly,MADRID,286714
Alonso,ALONSO,143499
Amos,SHEETS,447644
Vicente,IRVIN,839973
Briar,HURT,429581
Samir,FERRIS,348952
Yosef,SEWELL,439278
Holland,CARLTON,258512
Lindsay,ARAGON,822954
Remy,BLACKMON,797613
Jamal,HADLEY,260339
Jon,HOYT,337051
Adrienne,MCGRAW,773171
Azariah,PAGAN,976313
Harlee,LAND,678941
Dana,TIDWELL,101381
Frida,LOVELL,812290
Marianna,MINER,487128
Yamileth,DOSS,730962
Bobby,DAHL,672829
Chana,DELATORRE,391794
Kaya,STANFORD,553300
Lina,KAUFFMAN,318418
Aron,VELA,858299
Ben,GAGNON,345316
Ford,WINSTON,760517
Celia,GOMES,322193
Brodie,THACKER,414113
Cain,CORONADO,450994
Analia,ASH,142693
Hana,JARRETT,126832
Finnley,HAGER,519023
Jayde,SAMUELS,744138
Joslyn,METZGER,497515
Romina,RAINES,510725
Briggs,SPIVEY,302764
Davion,MAURER,392636
Kingsley,HAN,833470
Anabella,VOSS,966908
Barbara,HENLEY,193545
Brett,CABALLERO,377440
Bryleigh,CARUSO,333194
Emilie,COULTER,286173
Nathalia,NORTH,619954
Wayne,FINN,473841
Zackary,CAHILL,993342
Ally,LANIER,132106
Evalyn,SOUZA,898469
Apollo,MCWILLIAMS,657029
Emery,DEAL,979620
Joziah,SCHAFFER,600269
Lucca,URBAN,733123
Bonnie,HOUSER,728493
Zaria,CUMMINS,792028
Carla,ROMO,203558
Estella,CROCKER,399431
Kailani,BASSETT,926687
Rivka,KRUSE,843916
Rylan,BOLDEN,760675
Bentlee,YBARRA,636983
Hassan,METZ,127863
Westin,ROOT,213167
Paulina,MCMULLEN,537524
Joey,CRUMP,477576
Vance,HAGAN,643112
Kayden,GUIDRY,996975
Marcelo,BRANTLEY,674883
Giana,KEARNEY,397504
Yareli,BEAL,820202
Axl,TOTH,302572
Jermaine,JORGENSEN,568340
Chad,TIMMONS,603439
Kaiya,MILTON,245866
Sariah,TRIPP,894592
Gerald,HURD,933311
Kole,SAPP,441172
Avalynn,WHITMAN,171774
Jasmin,MESSER,169091
Dash,BURGOS,970798
Dayton,MAJOR,157861
Aya,WESTBROOK,962876
Jewel,CASTLE,102825
Kristen,SERNA,872566
Paula,CARLISLE,740297
Astrid,VARELA,999111
Jordynn,CULLEN,838925
Kenya,WILHELM,536173
Lachlan,BERGERON,733546
Shaun,BURGER,322452
Ann,POSEY,656217
Annalee,BARNHART,422153
Kai,HACKETT,594757
Kody,MADRIGAL,147716
Ronnie,EUBANKS,327537
Kiley,SIZEMORE,921645
Marleigh,HILLIARD,178386
Kolten,HARGROVE,995677
Marcel,BOUCHER,739476
Stetson,THOMASON,890871
Julianne,MELVIN,195020
Zion,ROPER,168373
Emmaline,BARNARD,186787
Nataly,FONSECA,701394
Willie,PEDERSEN,336700
Aminah,QUIROZ,752422
Amya,WASHBURN,114185
Iliana,HOLLIDAY,500743
Jaida,YEE,584630
Paloma,RUDOLPH,930837
Jeffery,BERMUDEZ,535067
Asia,COYLE,122598
Louisa,GIL,356564
Sarahi,GOODRICH,699994
Tara,PINA,101599
Brantlee,ELIAS,368319
Andi,LOCKWOOD,952723
Arden,CABRAL,170740
Dalary,CARRANZA,962616
Elisha,DUVALL,526223
Maxim,CORNELIUS,617169
Aimee,MCCOLLUM,648453
Alisson,STREET,967408
Halle,MCNEAL,693704
Kendall,CONNORS,792597
Aitana,ANGEL,340818
Harry,PAULSON,172592
Leandro,HINSON,125455
Landry,KEENAN,936132
Alisha,SHELDON,345269
Elin,FARR,942062
Maliah,EDDY,485539
Aaden,SAMUEL,827964
Channing,LEDBETTER,269408
Kohen,RING,720788
Yousef,BETTS,932742
Belen,FONTENOT,829692
Briley,GIFFORD,602614
Darian,HANNAH,177466
Raina,HANLEY,929483
Vienna,PERSON,837719
Enoch,FOUNTAIN,223768
Mayson,LEVIN,268385
Neymar,STUBBS,954110
Esperanza,HIGHTOWER,463898
Giovani,MURDOCK,710196
Judith,KOEHLER,310771
Alfonso,MA,616256
Duncan,ENGLE,571446
Faye,SMILEY,661890
Anders,CARMICHAEL,104142
Braeden,SHEFFIELD,619723
Dwayne,LANGSTON,551110
Keagan,MCCRACKEN,249173
Susan,YOST,657600
Felipe,TROTTER,130078
Aliya,STORY,713942
Aranza,STARKS,109829
Yasmin,LUJAN,154083
Fisher,BLOUNT,300080
Stefan,CODY,779831
Jaylin,RUSHING,793304
Kyndall,BENOIT,330071
Saniyah,HERNDON,263307
Wendy,JACOBSEN,223516
Yaritza,NIETO,884083
Azaria,WISEMAN,806488
Kaelynn,LAYTON,451743
Neriah,EPPS,114430
Zainab,SHIPLEY,588310
Trace,LEYVA,979254
Alissa,REEDER,868274
Cherish,BRAND,455706
Dixie,ROLAND,154688
Veda,FITCH,447276
Aydin,RICO,237572
Nala,NAPIER,917421
Tabitha,CRONIN,686759
Anson,MCQUEEN,211683
Cordelia,PAREDES,984356
Ellison,TRENT,143827
Meilani,CHRISTIANSEN,721842
Clyde,PETTIT,595745
Angeline,SPANGLER,862063
Reina,LANGFORD,650847
Tegan,BENAVIDES,584096
Blaise,PENN,271361
Canaan,PAIGE,772392
Maxton,WEIR,884440
Hadleigh,DIETZ,222861
Harmoni,PRATER,914083
Kimora,BREWSTER,497685
Ingrid,LOUIS,537386
Lilia,DIEHL,661231
Luz,PACK,154058
Alexzander,SPAULDING,276627
Billy,AVILES,683260
Harold,ERNST,357657
Aislinn,NOWAK,383640
America,OLVERA,339587
Ellis,ROCK,644418
Elora,MANSFIELD,685310
Heather,AQUINO,253220
Natalee,OGDEN,459604
Baylor,STACY,814462
Miya,RIZZO,717517
Heavenly,SYLVESTER,350810
Jenny,GILLIS,650644
Aubriella,SANDS,901894
Emmalee,MACHADO,538514
Kensington,LOVETT,817565
Kiana,DUONG,393543
Lilyanna,HYATT,298007
Tinley,LANDIS,406559
Gordon,PLATT,632408
Ophelia,BUSTAMANTE,567800
Rene,HEDRICK,616547
Terrence,PRITCHETT,909717
Vincenzo,GASTON,257721
Moriah,DOBSON,412524
Sharon,CAUDILL,651307
Kamdyn,TACKETT,509174
Marlon,BATEMAN,558660
Charlize,LANDERS,288355
Castiel,CARMONA,693020
Lamar,GIPSON,102245
Abril,URIBE,245850
Avalyn,MCNEILL,297117
Mariyah,LEDFORD,480945
Taya,MIMS,672781
Augustine,ABEL,704636
Jamie,GOLD,896529
Ireland,SMALLWOOD,272204
Lyra,THORNE,468491
Noor,MCHUGH,268592
Sariyah,DICKENS,566583
Eugene,LEUNG,293598
Giavanna,TOBIN,632749
Stevie,KOWALSKI,593153
Harlan,MEDEIROS,513438
Kase,COPE,285292
Miller,KRAUS,390482
Van,QUEZADA,803080
Rhea,OVERTON,511695
Zaylee,MONTALVO,265936
Kolby,STALEY,240621
Sonny,WOODY,912264
Denise,HATHAWAY,853142
Frankie,OSORIO,797647
Janiya,LAIRD,289002
Jocelynn,DOBBS,836641
Libby,CAPPS,745375
Emory,PUTNAM,773223
Junior,LAY,213748
Aubrianna,FRANCISCO,438154
Kaitlynn,ADAIR,598829
Graysen,BERNSTEIN,163705
Heath,HUTTON,366434
Rogelio,BURKETT,888686
Will,RHOADES,286947
Princess,RICHEY,484974
Sidney,YANEZ,429894
Amare,BLEDSOE,379947
Ameer,MCCAIN,793816
Camdyn,BEYER,408031
Jerome,CATES,507408
Maison,ROCHE,871239
Alianna,SPICER,810922
Mollie,QUEEN,925406
Micheal,DOTY,785280
Aadhya,DARLING,782842
Janae,DARBY,666007
Mattie,SUMNER,336562
Tinsley,KINCAID,770317
Cristiano,HAY,227064
Giancarlo,GROSSMAN,785623
Henrik,LACEY,477773
Lochlan,WILKES,396330
Aliah,HUMPHRIES,420025
Ari,PAZ,388920
Aubri,DARNELL,273173
Kaidence,KEYS,574262
Danika,KYLE,161349
Jana,LACKEY,179268
Mavis,VOGT,626361
Bode,LOCKLEAR,915328
Camron,KISER,481342
Houston,PRESLEY,225776
Otis,BRYSON,360671
Mercy,BERGMAN,249087
Hugh,PEOPLES,447399
Kannon,FAIR,911824
Konnor,MCCLENDON,221953
Antonia,CORLEY,217491
India,PRADO,326754
Miley,CHRISTIE,789918
Raylee,DELONG,387581
Emmet,SKAGGS,837342
Kamryn,DILL,410973
Maximo,SHEARER,527636
Antonella,JUDD,562547
Regan,STAPLETON,854859
Robin,FLAHERTY,759018
Adrien,CASILLAS,969458
Cedric,PINTO,652122
Dariel,HAYWOOD,543844
Landry,YOUNGBLOOD,466585
Leighton,TONEY,499054
Magnus,RICKS,496018
Abrielle,GRANADOS,314015
Akira,CRUM,339787
Ayva,TRIPLETT,669529
Cambria,SORIANO,264849
Dani,WAITE,485062
Devyn,HOFF,741957
Mckayla,ANAYA,996957
Rayne,CRENSHAW,772591
Draven,JUNG,608185
Javon,CANALES,951159
Marley,CAGLE,741043
Zavier,DENNY,320882
Alyvia,MARCUS,234352
Diamond,BERMAN,518451
Markus,MUNSON,634053
Abbigail,OCAMPO,605957
Diya,BAUMAN,342861
Poppy,CORCORAN,695320
Justus,KEEN,859055
Anais,ZIMMER,382569
Anniston,FRIEND,459780
Dalia,ORNELAS,286038
Reyansh,VARNER,547730
Rudy,PELLETIER,987785
Santana,VERNON,297571
Alisa,BLUM,849713
Ayana,ALBRECHT,537107
Ellery,CULVER,193377
Misael,SCHUSTER,186917
Addalyn,CUELLAR,252585
Charleston,MCCORD,554228
Abdiel,SHULTZ,268569
Davian,MCRAE,535319
Zaire,MORELAND,403521
Amora,CALVERT,915175
Ellianna,WILLIAM,959514
Samiyah,WHITTINGTON,208780
Jordy,ECKERT,340258
Reginald,KEENE,964077
Mylah,MOHR,898951
Benton,HANKS,885809
Darwin,KIMBLE,115048
Franco,CAVANAUGH,194196
Jairo,CROWELL,418731
Jonathon,RUSS,126722
Reuben,FELICIANO,813186
Urijah,CRAIN,958528
Vivaan,BUSCH,629647
Amayah,MCCORMACK,112512
Carlie,DRUMMOND,603431
Robyn,OMALLEY,332045
Brent,ALDRICH,773929
Gauge,LUKE,727991
Alaysia,GRECO,194604
Harleigh,MOTT,600211
Kaleigh,OAKES,714283
Temperance,MALLORY,122437
Vaughn,MCLAIN,777770
Belle,BURROWS,438226
Chandler,OTERO,588382
Cindy,ALLRED,445386
Elina,EASON,773439
Kaylani,FINNEY,877341
Maddie,WELLER,190495
Shannon,WALDRON,803320
Coleman,CHAMPION,724609
Zaid,JEFFERS,624364
Araceli,COON,466016
Audriana,ROSENTHAL,155650
Taryn,HUDDLESTON,215159
Terrell,SOLANO,939958
Macey,HIRSCH,209664
Kenny,AKINS,200371
Londynn,OLIVARES,151333
Tamia,SONG,732068
Brice,SNEED,323264
Bayleigh,BENEDICT,681739
Carina,BAIN,366211
Evalynn,OKEEFE,682241
Promise,HIDALGO,450826
Lyric,MATOS,625074
Ayanna,STALLINGS,342934
Sonia,PARIS,688631
Judson,GAMEZ,658643
Shiloh,KENNY,273639
August,QUIGLEY,744663
Austyn,MARRERO,742597
Emmie,FAGAN,802274
Etta,DUTTON,691763
Ramona,ATWOOD,512194
Damari,PAPPAS,195873
Kalel,BAGLEY,980904
Joelle,MCGOVERN,808086
Paisleigh,LUNSFORD,748239
Treasure,MOSELEY,288052
Aanya,READ,861745
Berkley,OAKLEY,140399
Everlee,ASHBY,284932
Louise,GRANGER,239158
Vada,SHAVER,923082
Vivien,HOPE,865768
Braiden,COE,494995
Brenden,BURROUGHS,603392
Coen,HELM,400860
Denver,AMBROSE,190731
Javion,NEUMANN,119766
Thatcher,MICHAELS,752723
Renee,PRESCOTT,425373
Rey,LIGHT,680929
Meghan,DUMAS,618689
Pyper,FLOOD,290264
Dilan,STRINGER,578585
Patience,CURRIE,748013
Spencer,COMER,830321
Dimitri,FONG,213018
Immanuel,WHITLOCK,445133
Mustafa,LEMUS,183692
Ulises,HAWLEY,293202
Gwyneth,ULRICH,441777
Kasey,STAPLES,504662
Mercedes,BOYKIN,574692
Alvaro,KNUTSON,943822
Dominique,GROVER,839288
Eliseo,HOBSON,759597
Ailyn,CORMIER,150767
Carleigh,DORAN,164371
Karleigh,THAYER,129631
Anakin,WOODSON,397751
Craig,WHITT,245651
Neveah,HOOKER,118235
Rilynn,KOHLER,764347
Saanvi,ADDISON,281833
Sailor,VANDYKE,751863
Dario,SCHRADER,755484
Santos,HASKINS,603463
Cristina,WHITTAKER,566381
Honesty,MADSEN,199801
Magdalena,GAUTHIER,312953
Marian,BURNETTE,319580
Maylee,KEATING,662391
Grey,PURVIS,846657
Ishaan,ALEMAN,814051
Carley,HUSTON,424849
Scout,HAMLIN,576585
Jessie,PIMENTEL,982988
Jonael,GERBER,958427
Maxine,HOOKS,674081
Reign,SCHWAB,402015
Alfred,HONEYCUTT,891968
Tyrone,SCHULTE,843365
Valentin,ALONZO,807343
Kourtney,ISAAC,169108
Lesly,CONROY,613773
Taraji,ADLER,622602
Jadon,EASTMAN,248300
Turner,COTTRELL,378048
Maren,OROURKE,490831
Opal,HAWK,166326
Ignacio,GOLDSMITH,475013
Riaan,CRANDALL,858164
Rocky,RADER,256503
Jurnee,REYNOSO,413842
Keily,SHOOK,993576
Riya,ABERNATHY,692653
Ephraim,BAER,707781
Marquis,OLIVAS,229683
Jubilee,GRAYSON,984965
Kylah,BARTLEY,796047
Tess,HENNING,375852
Musa,PARR,511213
Rosalee,DUFF,117137
Keenan,BRUNSON,929506
Ridge,BAUM,597933
Addie,ENNIS,780450
Adela,LAUGHLIN,570717
Fallon,FOOTE,906253
Itzayana,VALADEZ,444486
Natalya,ADAMSON,317614
Chace,BEGAY,227173
Kymani,STOVALL,715291
Rodolfo,LINCOLN,728902
Adalee,CHEUNG,282286
Campbell,MALLOY,534906
Krystal,RIDER,188481
Luisa,GIORDANO,815759
Makena,JANSEN,577501
Samira,LOPES,848879
Darrell,ARNETT,275684
Steve,PENDLETON,144166
Agustin,GAGE,160472
Jaziel,BARRAGAN,959764
Micaela,KEYES,188009
Rosalyn,NAVARRETE,600766
Adilene,AMADOR,545592
Jenesis,HOFFMANN,551686
Kailynn,HAWTHORNE,220214
Kelsie,SCHILLING,453184
Sally,PERDUE,107957
Selina,SCHREIBER,735754
Sherlyn,AREVALO,443691
Whitley,NAYLOR,733001
Bree,DELUCA,928422
Maisy,MARCUM,832650
Marlowe,ALTMAN,688782
Violeta,MARK,914979
Xiomara,CHADWICK,831430
Boone,DOAN,924952
Cairo,EASLEY,233051
Kashton,LADD,195656
Rashad,WOODALL,671139
Aubriana,BETANCOURT,496070
Gibson,SHIN,765843
Jabari,MAGUIRE,962238
Addalynn,BELLAMY,820938
Calliope,QUINTANILLA,740173
Kataleya,HAM,714415
Royalty,SORENSON,831710
Avi,MATTSON,371019
Quintin,BRENNER,223024
Seamus,MEANS,725509
Izabelle,FAUST,327294
Kamilah,CALLOWAY,620116
Rolando,OJEDA,877180
Sutton,MCNALLY,735811
Adilyn,DIETRICH,966222
Aleigha,RANSOM,655797
Gracyn,HARE,646263
Katerina,FELTON,134390
Larissa,WHITING,464665
Loretta,BURKHART,847899
Sunny,CLINTON,957141
Camilo,SCHWARZ,424084
Triston,CLEARY,814193
Yehuda,WETZEL,725292
Audrianna,REAGAN,876137
Baylor,STJOHN,561254
Blaire,CHOW,940130
Brynleigh,HAUSER,329769
Elodie,DUPREE,141773
Katrina,BRANNON,306112
Novalee,LYLES,867257
Cristopher,PRATHER,376100
Davin,WILLOUGHBY,520455
Ernest,SEPULVEDA,778367
Jamarion,NUGENT,642321
Kamren,PICKENS,320526
Salvatore,JOINER,822067
Addelyn,MOSHER,993928
Dalilah,STONER,595627
Davina,DOWLING,923618
Florence,TRIMBLE,123142
Kaleah,VALDES,794652
Marlene,CHEEK,240122
Selene,SCRUGGS,359170
Anton,COY,137946
Aydan,TILLEY,129602
Huxley,BARNEY,457744
Jovani,SAYLOR,230150
Wilder,NAGY,702093
Alessia,HORVATH,989781
Bryn,LAI,970883
Della,COREY,767663
Karma,RUTH,903193
Bodie,SAUER,606321
Jordyn,BARON,938705
Louie,THAO,781680
Abbie,ROWELL,527447
Cecily,GRUBBS,680240
Drew,HILLMAN,958626
Sylvie,SCHAEFFER,414854
Achilles,SAMS,208424
Kaeden,HOGUE,940271
Kamron,HUTSON,992077
Ila,BUSBY,448164
Kamille,NICKERSON,848833
Milah,BRUNER,150987
Tia,PARHAM,324089
Winnie,ANDERS,604723
Aarush,RENDON,439118
Deangelo,LOMBARDO,302073
Robin,IVERSON,885619
Yadiel,KINSEY,554119
Yahya,EARL,895854
Annelise,BORDEN,453583
Beatrix,JEAN,350217
Emani,TITUS,494038
Lillyanna,TELLEZ,241804
Theresa,BEAVERS,223292
Boden,CORNETT,656554
Ean,SOTELO,889526
Kye,KELLOGG,966968
Kylen,BURNHAM,322468
Todd,MCNAIR,389715
Truman,SILVERMAN,746126
Kalia,JERNIGAN,406607
Kaylen,ESCAMILLA,306007
Lillyana,BARROW,410040
Malayah,COATS,720565
Chevy,LONDON,153228
Gilbert,REDDING,481188
Haiden,RUFFIN,866263
Deanna,YI,227139
Jacquelyn,BOUDREAUX,485491
Kinlee,GOODSON,808728
Maritza,DOWELL,969191
Marlie,FENTON,589454
Noel,MOCK,111425
Brixton,DOZIER,811656
Dangelo,BYNUM,979723
Juelz,GALE,564186
Osvaldo,JOLLY,885204
Ailani,BECKMAN,472745
Amiah,GODDARD,541610
Bishop,CRAVEN,573215
Freddy,WHITMORE,940055
Reagan,LEARY,112746
Alora,MCCLOUD,845865
Ezra,GAMBOA,589454
Stacy,KERNS,882350
Valery,BRUNNER,744310
Frankie,HOUGH,265138
Malaki,NEGRON,892390
Kinzley,CUTLER,349011
Leela,LEDESMA,679814
Lianna,PYLE,919185
Camren,MONAHAN,790395
Deshawn,TABOR,865658
Jayvion,BURK,408127
Leroy,LEONE,162292
Giada,STAUFFER,324573
Raya,HAYWARD,678790
Seraphina,DRIVER,602081
Violette,RUFF,172195
Briar,TALBOT,109339
Jaydon,SEALS,370639
Brynley,BOSTON,922083
Charity,CARBAJAL,228696
Geneva,FAY,502881
Tyler,PURDY,545518
Antoine,MCGREGOR,526982
Ayan,SUN,213031
Harris,ORELLANA,962991
Tyree,GENTILE,584874
Bexley,MAHAN,522279
Caydence,BROWER,260719
Elayna,PATINO,534466
Preslee,THURSTON,483707
Harlem,SHIPMAN,687269
Simeon,AARON,746873
Tristian,TORREZ,938665
Elia,CALL,967049
Haleigh,WEINER,886788
Taj,WILBURN,345140
Annabeth,OLIVA,319818
Ashtyn,HAIRSTON,654446
Coral,COLEY,871583
Soraya,HUMMEL,616983
Yara,ARREOLA,613027
Brysen,WATT,192339
Clinton,SHARMA,827549
Deon,LENTZ,693374
Kooper,ARCE,194221
Semaj,POWER,197414
Destinee,LONGORIA,276638
Kaley,WAGONER,404389
Sanaa,BURR,182156
Jair,HSU,687295
Jericho,TINSLEY,969435
Rayyan,BEEBE,933414
Teagan,WRAY,823760
Yaakov,NUNN,461400
Dania,PRIETO,981503
Denver,GERMAN,478437
Egypt,ROWLEY,889928
Janice,BRITO,652904
Mika,GRUBB,523070
Abner,ROYAL,964977
Bridger,VALENTIN,707615
Keanu,BARTHOLOMEW,713145
Koen,SCHULER,959312
Ramiro,ARANDA,164008
Anayah,FLINT,178747
Delia,HEARN,497626
Malani,VENEGAS,981405
Vivianna,UNGER,986886
Eliezer,MATTINGLY,265081
Ira,BOLES,590127
Isai,BARGER,835520
Khalid,CASAS,920389
Yisroel,JULIAN,950945
Anneliese,DOW,728951
Maryjane,DOBBINS,347173
Nahla,VANN,159094
Nellie,CHESTER,988863
Raylynn,STRANGE,199069
Braylin,LEMON,998643
Danilo,KAHN,896537
Foster,MCKINNON,439733
Aliyana,GANNON,104719
Eisley,WAGGONER,640341
Estefania,CONN,323238
Jovie,MEEK,854794
Karissa,CAVAZOS,102189
Leilah,SKELTON,776641
Miyah,LO,642608
Alistair,KUMAR,499536
Mike,TOLEDO,246696
Emerald,LORENZ,673355
Karis,VALLEJO,762643
Kaycee,STARKEY,889638
Leena,KITCHEN,703915
Fox,REAVES,379106
Makhi,DEMARCO,227389
Randall,FARRAR,329294
Westley,STEARNS,883841
Brisa,MICHAUD,560784
Caleigh,HIGGINBOTHAM,116566
Kendal,FERNANDES,474182
Howard,ISAACS,762706
Koda,MARION,229413
Zamir,GUILLORY,948464
Belinda,PRIEST,137706
Cassie,MEEHAN,880870
Lorena,OLIVEIRA,166817
Cortez,PALMA,839586
Darryl,OSWALD,285292
Garrison,GALVEZ,764119
Shmuel,LOOMIS,665654
Aiyanna,LIND,987151
Audra,MENA,111649
Britney,STCLAIR,477156
Kamiyah,HINDS,699057
Kaylyn,REARDON,740107
Susanna,ALLEY,709020
Jamar,BARTH,578028
Krish,CROOK,892500
Merrick,BLISS,880395
Zyaire,NAGEL,888110
Agnes,BANUELOS,994906
Ashton,PARISH,910102
Christiana,HARMAN,320816
Mayra,DOUGLASS,996515
Shea,KEARNS,116866
Tianna,NEWCOMB,102145
Gilberto,MULLIGAN,158647
Jovanni,COUGHLIN,520527
Mccoy,WAY,567679
Ali,FOURNIER,889573
Margo,LAWLER,843560
Nalani,KAMINSKI,875510
Nya,BARBOUR,422720
Rita,SOUSA,473709
Viola,STUMP,205681
Brayson,ALANIZ,443820
Camryn,IRELAND,813435
Derick,RUDD,111896
Maddux,CARNES,271951
Laniyah,LUNDY,505760
Nyomi,GODINEZ,207785
Vida,PULIDO,992576
Darien,DENNISON,222881
Efrain,BAUMANN,623557
Gatlin,BURDICK,912775
Tadeo,DOVE,483923
Betty,STODDARD,535052
Milagros,LIANG,809832
Skylynn,DENT,228771
Ahmir,ROARK,161123
Denzel,BOWSER,856051
Gino,MCMAHAN,507161
Jaycob,PARNELL,587509
Leif,MAYBERRY,869979
Alex,WAKEFIELD,104834
Haylie,ARNDT,863774
Karli,OGLE,846794
Meera,WORTHINGTON,359706
Rylynn,DURBIN,920753
Branden,ESCALANTE,738809
Octavio,PEDERSON,165523
Roderick,WELDON,535779
Wesson,VICK,545105
Youssef,KNOTT,926424
Zayd,RYDER,760983
Isabell,ZARATE,940801
Aida,IRVING,826739
Bellamy,CLEMENS,409897
Bentley,SHELLEY,868877
Blessing,SALTER,186752
Gisselle,JACK,450080
Ivana,CLOUD,557962
Karmen,DASILVA,238978
Kinleigh,MUHAMMAD,765818
Imran,SQUIRES,908803
Konner,RAPP,172604
Lyle,DAWKINS,246192
Tristin,POLANCO,641410
Rachael,CHATMAN,719326
Karsen,MAIER,333361
Ralph,YAZZIE,206757
Rylen,GRUBER,258102
Kendyl,STATON,375327
Malak,BLACKMAN,533067
Shirley,MCDONNELL,940567
Alaric,DYKES,384691
Decker,LAWS,762999
Demarcus,WHITTEN,427879
Aarya,PFEIFFER,855188
Irie,VIDAL,769424
Maite,EARLY,794848
Roslyn,KELSEY,714447
Yesenia,BAUGHMAN,478396
Clarence,DIAS,226098
Elvis,STARNES,871060
Karl,CRESPO,479969
Kenton,KILPATRICK,119624
Ulysses,LOMBARDI,464089
Asha,DEATON,584190
Harriet,SATTERFIELD,904939
Hayleigh,WILES,144277
Kacey,WEINSTEIN,987093
Rebeca,ROWAN,905989
Samiya,DELOSSANTOS,297373
Aayden,HAMBY,185173
Gerard,ESTEP,364656
Karim,DAIGLE,246869
Sidney,ELAM,353126
Clover,CREECH,744040
Karley,CHAVIS,485890
Kyrie,HECK,933593
Lilyann,ECHOLS,672999
Reece,FOSS,958524
Roxanne,TRAHAN,458618
Aston,STRAUSS,903239
Greysen,VANHORN,588397
Yael,WINSLOW,883292
Annaleigh,REA,893078
Annaliese,FAIRCHILD,427642
Carson,HEATON,205766
Kayleen,MINTON,261268
Khadija,HITCHCOCK,501770
Linnea,LINTON,636012
Malka,HANDY,340047
Tamara,CROUSE,418146
Toni,COLES,271523
Dale,FOY,384533
Jaxx,UPTON,825367
Annette,HERRINGTON,155954
Brinlee,HWANG,586179
Guinevere,MCCLELLAND,609576
Luella,RECTOR,313026
Palmer,LUTHER,260102
Rihanna,KRUGER,861587
Rubi,SALCEDO,127469
Saniya,CHANCE,263907
Sarina,GUNDERSON,918944
Hollis,THARP,491795
Isiah,GRIFFITHS,568688
Mac,GRAF,192659
Yaseen,BRANHAM,351506
Cailyn,HUMPHREYS,680917
Colbie,RENNER,306520
Emalyn,LIMA,377186
Evelina,ROONEY,901914
Kaitlin,MOYA,403091
Karly,ALMEIDA,195689
Katarina,GAVIN,314899
Persephone,COBURN,944333
Vayda,OUELLETTE,931805
Aidyn,GOETZ,488545
Cormac,SEAY,435932
Kale,PARROTT,249553
Jaleah,HARMS,599515
Jazmyn,ROBB,384510
Kyndal,STOREY,630299
Leilany,BARBOSA,200871
Petra,BARRAZA,270940
Eason,LOYD,176622
Ananya,MERCHANT,975221
Araya,DONOHUE,866368
Audree,CARRIER,733765
Brayleigh,DIGGS,659186
Celina,CHASTAIN,104409
Flora,SHERRILL,422336
Mayah,WHIPPLE,226085
Octavia,BRASWELL,718082
Zoya,WEATHERS,329175
Dashiell,LINDER,674226
Eliot,CHAPA,266475
Jaxxon,BOCK,415728
Jesiah,OH,164960
Nigel,LOVELACE,988645
Rylee,SAAVEDRA,344984
Shepherd,FERRARA,726664
Arantza,CALLAWAY,356097
Farah,SALMON,352531
Jakayla,TEMPLETON,884974
Kinsey,CHRISTY,824490
Edmund,HARP,128815
Capri,DOWD,628367
Emiliana,FORRESTER,912225
Shanaya,LAWTON,344604
Shay,EPSTEIN,193611
Sofie,GANT,101095
Yazmin,TIERNEY,676513
Deegan,SEAMAN,940162
Gavyn,CORRAL,536301
Reynaldo,DOWDY,108177
Tyrell,ZARAGOZA,749709
Arlene,MORRISSEY,235257
Finnley,ELLER,639094
Grecia,CHAU,548832
Jacey,BREEN,711106
Marcella,HIGH,403540
Melinda,NEWBERRY,892786
Priya,BEAM,552783
Skylah,YANCEY,594880
Zayla,JARRELL,162106
Brendon,CERDA,817833
Colson,ELLSWORTH,330349
Corbyn,LOFTON,397547
Izayah,THIBODEAUX,954386
Jaylin,POOL,175485
Korbyn,RINEHART,982429
Calista,ARTEAGA,697956
Isadora,MARLOW,581559
Keila,HACKER,211581
Shaylee,WILL,244414
Brenton,MACKENZIE,340287
Giovanny,HOOK,485593
Joan,GILLILAND,907919
Menachem,EMMONS,875670
Pierre,PICKERING,621462
Shlomo,MEDLEY,599647
Areli,ANDREW,984224
Grayson,WILLEY,704040
Jazelle,SHELL,576149
Silvia,RANDLE,487075
Jad,BRINKLEY,936850
Jeremias,PRUETT,443741
Johnathon,TOBIAS,824222
Sami,EDMONDSON,688321
Carsyn,GRIER,245356
Darcy,ASKEW,756024
Elissa,BATISTA,589697
Janie,SALDIVAR,204694
Jazzlyn,MOELLER,322193
Kiersten,AUGUSTINE,724040
Shreya,CHAVARRIA,428922
Damarion,TROYER,722112
Gonzalo,LAYNE,561269
Kalvin,MCNULTY,456166
Mordechai,SHANK,506850
Vladimir,DESAI,864407
Emi,HERRMANN,801567
Nyah,HEMPHILL,893415
Pamela,BEARDEN,208228
Tesla,SPEAR,138586
Aedan,KEENER,987471
Andie,HOLGUIN,756784
Dayanna,CULP,302756
Delanie,BRADEN,916765
Kenleigh,BRISCOE,184787
Jarrett,BALES,691859
Jaylon,GARVIN,963005
Lian,STOCKTON,481716
Stephan,ABREU,297127
Anabel,SUGGS,780220
Izzabella,MCCARTNEY,529956
Yaretzy,FERRER,802387
Carsen,RHOADS,973291
Cristobal,HA,108529
Finnian,NEVAREZ,735277
Glenn,SINGLETARY,224636
Lathan,CHONG,163841
Lenny,ALCALA,861444
Maxx,CHENEY,286210
Abbey,WESTFALL,410546
Carissa,DAMICO,120804
Elinor,SNODGRASS,989614
Keziah,DEVRIES,258995
Legacy,LOONEY,681116
Sonya,HEIN,678383
Zahara,LYLE,466758
Corban,LOCKETT,659813
Deklan,JACQUES,358956
Gus,BARKLEY,159679
Kabir,WAHL,569971
Kennedy,APONTE,792436
Mariano,MYRICK,293355
Alanah,BOLIN,510163
Cheyanne,HOLM,437637
Haddie,SLACK,717849
Jaylyn,MARTINO,328394
Leigha,SCHERER,333298
Maribel,BACHMAN,967532
Nadine,ELY,535579
Salem,NESBITT,191326
Yuliana,MARROQUIN,174975
Davon,BOUCHARD,172827
Jovan,MAST,278349
Amaia,JAMESON,216243
Damaris,HILLS,683656
Litzy,MIRELES,689518
Koa,BUENO,158934
Linus,PEASE,209980
Lucien,VITALE,309305
Trystan,ALARCON,683383
Azul,LINARES,744534
Gretchen,SCHELL,890644
Journi,LIPSCOMB,617980
Mariella,ARRIAGA,932667
Daryl,BOURGEOIS,259388
Ronaldo,BONDS,485565
Yair,MARKHAM,282206
Aadya,IVY,218453
Annabell,WISNIEWSKI,986246
Dariana,OLDHAM,465378
Donna,FALLON,546133
Emme,WENDT,382455
Ida,JOY,834307
Judy,STAMPER,706907
Layan,BABB,686643
Hakeem,STEINBERG,110619
Syed,ASHER,767613
Tiago,FUCHS,990964
Aislynn,BLANK,107406
Darlene,WILLETT,885640
Hailie,HEREDIA,244656
Jaclyn,CROFT,352750
Kya,LYTLE,764542
Lucie,LANCE,599030
Nailah,LASSITER,967838
Nayla,BARRIENTOS,657065
Saoirse,CONDON,326526
Shyla,BARFIELD,494946
Aditya,DARDEN,435562
Broderick,ARAUJO,451339
Jayse,GUINN,207031
Shimon,NOONAN,212413
Zev,BURLESON,362896
Alba,BELANGER,725308
Ariela,MAIN,650675
Dior,TRAYLOR,941070
Lincoln,MESSINA,504346
Oaklee,ZEIGLER,856232
Tallulah,DANIELSON,780860
Yasmine,MILLARD,463754
Amar,KENYON,942031
Ansel,RADFORD,345207
Dhruv,GRAFF,433758
Ismail,BEATY,372977
Jakobe,BAGGETT,609496
Jordi,CRISP,770715
Keller,SALISBURY,315637
Ledger,TROUT,230861
Maksim,LORENZO,138456
Ross,PARSON,285273
Dina,GANN,511491
Essence,GARBER,824105
Jamiyah,ADCOCK,656362
Kamari,COVARRUBIAS,791203
Lacy,SCALES,693099
Rayleigh,ACUNA,299059
Rowyn,THRASHER,787521
Tina,CARD,610242
Winifred,VAN,564077
Karsyn,MABRY,919401
Kent,MOHAMED,418338
Slade,MONTANEZ,190896
Thorin,REDD,278172
Eleanora,STOCK,994384
Ema,WILLINGHAM,854952
Evangelina,REDMAN,227861
Marin,ZAMBRANO,867012
Stephany,GAFFNEY,664935
Adolfo,HERR,936143
Brogan,DEVLIN,425394
Marcello,PRINGLE,667244
Mikael,SCHUBERT,956813
Ashanti,CASPER,900269
Elly,HOUCK,476237
Emmerson,REES,430898
Leticia,WING,704509
Lidia,EBERT,473893
Nariah,JETER,557285
Raleigh,CORNEJO,991218
Sanai,GILLETTE,957070
Tania,SHOCKLEY,688946
Zella,AMATO,295516
Donte,GIRARD,132982
German,LEGGETT,501964
Jean,CHEATHAM,453074
Jorden,BUSTOS,152559
Kaidyn,EPPERSON,216323
Kyren,DUBOSE,221827
Smith,SEITZ,693035
Stone,EAST,456306
Aaleyah,FRIAS,992223
Analise,SCHOFIELD,544893
Aniston,STEEN,814178
Carmella,ORLANDO,463130
Janet,MYLES,195804
Kenlee,CARON,551403
Kynleigh,GREY,726616
Maura,DENNEY,252483
Naima,ONTIVEROS,768271
Adler,BURDEN,282812
Aries,JAEGER,124129
Cian,REICH,752322
Guy,WITHERSPOON,848389
Lyndon,NAJERA,647625
Wallace,FRANTZ,666118
Zahir,HAMMONDS,117945
Bernadette,XU,967077
Chasity,LEAVITT,257452
Kynslee,GILCHRIST,210770
Addison,ADAM,711590
Cornelius,BARONE,990023
Milton,FORMAN,544306
Nick,CEJA,857554
Nikko,RAGSDALE,575283
Raheem,SISK,433296
Aracely,TUBBS,447669
Austin,ELIZONDO,940669
Ayesha,PRESSLEY,410146
Beverly,BOLLINGER,107616
Blythe,LINN,887448
Kenzi,HUNTLEY,512747
Mireya,DEWEY,837100
Benedict,GEARY,316920
Bilal,CARLOS,573907
Kyron,RAGLAND,378287
Neal,MIXON,192049
Adalie,BAUGH,361253
Avalon,MCARTHUR,169676
Jael,TAM,952913
Lakyn,NOBLES,394384
Suri,CLEVENGER,158939
Yoselin,FOUST,105787
Carmine,LUSK,172552
Damion,COONEY,572072
Kyan,TAMAYO,566518
Viaan,ROBERT,572522
Zack,LONGO,586791
Abbygail,OVERSTREET,398148
Harlie,OGLESBY,296058
Kalea,MACE,786317
Pepper,CHURCHILL,652037
Yaneli,MATSON,560583
Bernard,HAMRICK,211541
Darnell,ROCKWELL,835644
Fredrick,TRAMMELL,936227
Gian,WHEATLEY,542752
Jionni,CARRINGTON,300644
Ayah,FERRARO,538686
Denisse,RALSTON,459457
Queen,CLANCY,943951
Vivianne,MONDRAGON,119456
Elmer,CARL,844194
Mikel,HU,757063
Murphy,HOPSON,902808
Aarna,BREAUX,563964
Emeri,MCCURDY,277229
Yvette,MARES,611386
Aubrey,CHISHOLM,764594
Beck,MAI,861728
Brighton,MATLOCK,396162
Ishmael,AIKEN,775799
Jet,CARY,487641
Zyon,LEMONS,600560
Anita,ANGUIANO,903490
Carli,HERRICK,613884
Elana,CRAWLEY,647928
Gwenyth,MONTERO,358392
Jaylen,HASSAN,850717
Kamiya,ARCHULETA,363629
Lela,COTTER,383565
Marion,FARIAS,193283
Quincy,PARRIS,287458
Alton,FELDER,855100
Emir,LUU,931480
Ever,PENCE,559269
Josias,GILMAN,599003
Norman,KILLIAN,923579
Yitzchok,NARANJO,420106
Amyra,DUGGAN,891212
Anjali,EASTER,102060
Bridgette,SCARBOROUGH,246928
Charlene,SWANN,503843
Eunice,RICKETTS,965619
Indie,FRANCE,121466
Jersey,BELLO,438896
Rosalind,NADEAU,613482
Archie,STILL,760880
Armaan,RINCON,581670
Cael,CORNWELL,985529
Clifford,SLADE,248352
Humberto,FIERRO,909166
Jai,MIZE,572224
Kallen,CHRISTIANSON,450806
Marcellus,GREENFIELD,314992
Masen,MCAFEE,875906
Maiya,LANDRUM,529265
Malina,ADAME,923843
Sapphire,DINH,838525
Aleksander,LANKFORD,136320
Kruz,LEWANDOWSKI,450285
Meir,RUST,378159
Noble,BUNDY,320093
Tayden,WATERMAN,186339
Viktor,MILNER,190383
Arianny,MCCRARY,342236
Ayvah,HITE,554825
Kamilla,CURLEY,669691
Korra,DONALD,374354
Aamir,DUCKWORTH,254223
Aayan,CECIL,800819
Andreas,CARRERA,266106
Bastian,SPEER,417302
Cal,BIRCH,334667
Carlo,DENSON,225411
Salman,BECKWITH,616506
Constance,STACK,450258
Estefany,DURANT,361148
Iyanna,DORMAN,142500
Katy,LANTZ,984643
Destin,CHRISTMAN,788801
Eder,SPANN,981261
Elam,MASTERSON,835105
Mikhail,HOSTETLER,525931
Wes,KOLB,156604
Imogen,BRINK,834364
Jailyn,SCANLON,105220
Kamora,NYE,112869
Keilani,BEVERLY,622333
Prisha,WYLIE,220626
Rosalina,WOO,776540
Taliah,SPURLOCK,724196
Amarion,SHELBY,745353
Brennen,SOMMER,713037
Carver,REINHARDT,750393
Colter,ROBLEDO,983317
Gray,ASHTON,201791
Monroe,BERTRAND,994482
Nikola,CYR,641896
Vince,EDGAR,934614
Aila,DOE,285571
Alanis,HARKINS,786058
Kacie,BRUBAKER,108013
Kaila,STOLL,546758
Lucinda,DANGELO,710511
Mariela,ZHOU,897040
Shyanne,MOULTON,216439
Ziva,HANNON,131901
Bently,FALK,457631
Cale,RAINS,239145
Diesel,BROUGHTON,367952
Eamon,APPLEGATE,448519
Kaiser,HUDGINS,785196
Abriella,SLONE,965836
Amilia,FARNSWORTH,539021
Calla,YOON,764899
Gisele,PERALES,374114
Jaqueline,REEDY,100128
Peighton,MILAM,500302
Symphony,FRANZ,130015
Zaira,PONDER,321237
Barry,RICCI,413383
Dion,FONTAINE,620004
Perry,IRIZARRY,977412
Quinten,NEW,629338
Salem,PUENTE,381328
Cosette,SELBY,883990
Freyja,CAZARES,717241
Kaci,DOUGHTY,875769
Kierra,MOFFETT,321946
Lacie,BALDERAS,726166
Lizeth,FINE,648639
Rosalia,SMALLEY,552430
Caius,CARLIN,333456
Ewan,TRINH,674405
Haven,DYSON,982593
Idris,GALVIN,899376
Ruger,VALDIVIA,200627
Camden,BENNER,633584
Claira,LOW,193389
Kinsleigh,TURPIN,821410
Noah,LYMAN,551377
Presleigh,BILLINGSLEY,439484
Unique,MCADAMS,108211
Abdulrahman,CARDWELL,866069
Coy,FRALEY,798739
Daylen,PATTEN,978964
Graeme,HOLTON,888828
Johann,SHANKS,240396
Palmer,MCALISTER,286370
Sheldon,CANFIELD,558309
Tahj,SAMPLE,625311
Torin,HARLEY,116113
Cambree,CASON,695021
Harmonie,TOMLIN,193980
Hillary,AHMAD,471934
Zora,COYNE,914270
Campbell,FORTE,538635
Lev,RIGGINS,512172
Lucius,LITTLEJOHN,539699
Marquise,FORSYTHE,333731
Jiselle,BRINSON,521312
Jude,HALVERSON,710397
Makiyah,BACH,447569
Noelia,STUCKEY,795576
Taelyn,FALCON,589257
Ammar,TALBERT,894199
Hussein,WENZEL,767293
Johnpaul,CHAMPAGNE,371097
Keon,MCHENRY,457238
Maddix,VEST,927197
Tzvi,SHACKELFORD,345107
Avani,ORDONEZ,806762
Dominique,COLLAZO,469130
Eleni,BOLAND,766387
Emry,SISSON,586770
Heidy,BIGELOW,535173
Nori,HYMAN,310026
Rosalynn,WHARTON,288071
Serafina,BRUMFIELD,202437
Zaniya,OATES,155025
Bear,MESA,841685
Gaige,BECKETT,980336
Jakari,MORRELL,572664
Pierson,REIS,799920
Rishi,ALVES,265567
Zaylen,CHIU,366298
Adina,LARUE,884473
Akshara,STREETER,613686
Chevelle,GROGAN,741194
Karoline,BLAKELY,790996
Laken,BROTHERS,440056
Lillyann,HATTON,545301
Lori,KIMBROUGH,697394
Nikki,LAUER,766110
Rosemarie,WALLIS,276304
Ryder,JETT,956181
Zaynab,PEPPER,465330
Alek,HILDEBRAND,135485
Atreyu,RAWLS,449028
Aven,MELLO,559638
Avraham,NEVILLE,368782
Jacobi,BULL,256927
Jarvis,STEFFEN,899197
Jenson,BRAXTON,366803
Link,COWART,664137
Wiley,SIMPKINS,162927
Annamarie,MCNEELY,681662
Aspyn,BLALOCK,602814
Dalila,SPAIN,787537
Everley,SHIPP,243625
Hartley,LINDQUIST,911469
Ruthie,BUTTERFIELD,151232
Wilhelmina,OREILLY,399875
Yarely,PERRIN,168248
Ander,QUALLS,484569
Baron,EDGE,442931
Benicio,HAVENS,540338
Boaz,LUONG,352065
Forest,SWITZER,309015
Jaceon,TROUTMAN,161938
Jahmir,FORTNER,410522
Keelan,TOLLIVER,438956
Kilian,MONK,622357
Leeland,POINDEXTER,620769
Malakhi,RUPP,474987
Pranav,FERRY,277092
Rowdy,NEGRETE,140091
Yoel,MUSE,552530
Adalina,GRESHAM,445765
Arabelle,BEAUCHAMP,909837
Cattleya,BARCLAY,315587
Jackeline,SCHMID,528726
Jaslyn,CHUN,462691
Jaya,BRICE,934617
Kayley,FAULK,406137
Rowen,WATTERS,416884
Tahlia,BRIONES,543219
Bernardo,GUAJARDO,414986
Cashton,HARWOOD,151905
Francesco,GRISSOM,995188
Xavi,HARLOW,628166
Alessa,WHELAN,615221
Annistyn,BURDETTE,124494
Brigitte,PALUMBO,219912
Desirae,PAULSEN,198247
Lenora,CORRIGAN,656589
Martina,GARVEY,802292
Saphira,LEVESQUE,134231
Sia,DOCKERY,356478
Zadie,DELGADILLO,252044
Siddharth,GOOCH,654696
Adyson,CAO,719501
Althea,MULLIN,230189
Ariane,RIDLEY,269360
Ariyana,STANFIELD,275392
Avril,DIAL,713388
Inara,NORIEGA,343659
Moira,CEBALLOS,297144
Oona,NUNES,933030
Precious,NEWBY,900053
Shania,BAUMGARTNER,612088
Adiel,HUSSAIN,884281
Cordell,WYMAN,807705
Dereck,CAUSEY,153790
Jayven,GOSSETT,920110
Kael,NESS,364543
Ramsey,WAUGH,199098
Abrianna,CHOATE,699615
Ariadna,CARMAN,582096
Avarie,DAILY,559290
Georgina,DEVORE,933218
Geraldine,IRBY,410105
Keegan,KONG,259946
Laci,BREEDEN,925762
Maliya,WHATLEY,484808
Marceline,ELLINGTON,916013
May,LAMAR,832308
Sana,FULTZ,432035
Zia,BAIR,178973
Avion,ZIELINSKI,950908
Earl,COLBY,971494
Eliyahu,HOUGHTON,603699
Jael,GRIGSBY,622577
Marshawn,FORTUNE,428741
Oren,PAXTON,213604
Presley,MCMILLIAN,960354
Tevin,HAMMONS,577191